Id,Target
0,24089_si27_F6_1,23
1,24089_si27_F6_2,23
2,24089_si27_F6_9,23
3,24089_si27_F6_11,23
4,61180_1153_H11_2,25
5,61180_1153_H11_3,25
6,61180_1171_E3_3,25
7,61180_1171_E3_4,25
8,15996_129_F12_1,7 0
9,15996_129_F12_2,7 0
10,15996_127_F12_1,7 0
11,15996_127_F12_2,7 0
12,39932_487_A10_1,25 0
13,39932_487_A10_3,25 0
14,39932_491_A10_1,25 0
15,39932_491_A10_2,25 0
16,39932_481_A10_1,25 0
17,39932_481_A10_2,25 0
18,40065_571_H4_1,25 0
19,40065_571_H4_2,25 0
20,40065_542_H4_1,25 0
21,40065_542_H4_2,25 0
22,40065_544_H4_1,25 0
23,40065_544_H4_2,25 0
24,60243_1470_H10_2,5 0
25,60243_1470_H10_5,5 0
26,60243_1482_D8_1,5 0
27,60243_1482_D8_2,5 0
28,60243_1468_H10_1,5 0
29,60243_1468_H10_3,5 0
30,54084_1036_C5_1,0
31,54084_1036_C5_2,0
32,54084_870_G9_1,0
33,54084_870_G9_2,0
34,54084_872_G9_1,0
35,54084_872_G9_2,0
36,40627_557_B6_1,0
37,40627_557_B6_3,0
38,40627_493_B6_1,0
39,40627_493_B6_2,0
40,40627_502_B6_1,0
41,40627_502_B6_2,0
42,67407_1265_G10_1,0
43,67407_1265_G10_3,0
44,67407_1277_G5_1,0
45,67407_1277_G5_2,0
46,67407_1274_G10_1,0
47,67407_1274_G10_2,0
48,41790_862_E1_1,25 21
49,41790_862_E1_2,25 21
50,41790_859_E1_4,25 21
51,41790_859_E1_5,25 21
52,41790_697_C2_1,25 21
53,41790_697_C2_2,25 21
54,71716_1469_G11_3,26 0
55,71716_1469_G11_4,26 0
56,71716_1683_B10_2_cr58051fc954dae,26 0
57,71716_1683_B10_11_cr58051fd2a58c9,26 0
58,71716_1478_G11_1,26 0
59,71716_1478_G11_2,26 0
60,18701_947_F4_1,0
61,18701_947_F4_4,0
62,18701_944_F4_1,0
63,18701_944_F4_2,0
64,18701_952_F4_1,0
65,18701_952_F4_2,0
66,53275_885_B3_1,0
67,53275_885_B3_2,0
68,53275_869_B3_1,0
69,53275_869_B3_2,0
70,53275_1671_H5_1,0
71,53275_1671_H5_2,0
72,53275_928_E1_2,0
73,53275_928_E1_3,0
74,60513_1113_H5_1,0
75,60513_1113_H5_3,0
76,60513_1518_F11_1,0
77,60513_1518_F11_2,0
78,60513_1123_H5_1,0
79,60513_1123_H5_2,0
80,77975_1765_C6_1,0
81,77975_1765_C6_4,0
82,77975_1737_E9_4_cr58064f512f6a3,0
83,77975_1737_E9_7_cr58064f5a0a735,0
84,39418_523_C10_1,25
85,39418_523_C10_2,25
86,39418_517_C10_3,25
87,39418_517_C10_4,25
88,39418_520_C10_1,25
89,39418_520_C10_3,25
90,10194_921_B10_3,5
91,10194_921_B10_4,5
92,10194_931_B10_1,5
93,10194_931_B10_2,5
94,10194_923_B10_1,5
95,10194_923_B10_2,5
96,16304_947_G11_1,5
97,16304_947_G11_2,5
98,16304_944_G11_1,5
99,16304_944_G11_2,5
100,16304_952_G11_3,5
101,16304_952_G11_4,5
102,38578_540_B12_1,0
103,38578_540_B12_2,0
104,38578_1177_B1_1,0
105,38578_1177_B1_4,0
106,38578_537_B12_1,0
107,38578_537_B12_2,0
108,46985_1430_G10_1,25
109,46985_1430_G10_2,25
110,46985_1366_H2_1,25
111,46985_1366_H2_3,25
112,53526_1430_G9_1,25
113,53526_1430_G9_2,25
114,53526_1366_B2_2,25
115,53526_1366_B2_3,25
116,14699_172_F7_1,7
117,14699_172_F7_2,7
118,14699_123_F7_1,7
119,14699_123_F7_2,7
120,14699_121_F7_1,7
121,14699_121_F7_2,7
122,39237_557_G11_1,25 21
123,39237_557_G11_2,25 21
124,39237_493_G11_2,25 21
125,39237_493_G11_3,25 21
126,39237_502_G11_2,25 21
127,39237_502_G11_3,25 21
128,44083_1361_A4_3,19 25 0
129,44083_1361_A4_4,19 25 0
130,40379_539_H3_3,0
131,40379_539_H3_5,0
132,40379_552_H3_2,0
133,40379_552_H3_3,0
134,5999_63_D11_1,25 0
135,5999_63_D11_2,25 0
136,5999_62_D11_1,25 0
137,5999_62_D11_2,25 0
138,5999_941_D3_1,25 0
139,5999_941_D3_3,25 0
140,5999_934_D9_1,25 0
141,5999_934_D9_2,25 0
142,46196_622_F12_1,12
143,46196_622_F12_4,12
144,46196_619_F12_1,12
145,46196_619_F12_2,12
146,46196_616_F12_1,12
147,46196_616_F12_2,12
148,46746_589_D7_4,0
149,46746_589_D7_5,0
150,46746_1741_C6_2_cr58060084a8a47,0
151,46746_1741_C6_13_cr5806008dd46aa,0
152,46746_709_D7_1,0
153,46746_709_D7_2,0
154,49454_812_A6_4,0
155,49454_812_A6_5,0
156,49454_715_A6_1,0
157,49454_715_A6_2,0
158,49454_725_A6_3,0
159,49454_725_A6_4,0
160,27484_1319_A8_3,1 2
161,27484_1319_A8_5,1 2
162,27484_1003_H11_1,1 2
163,27484_1003_H11_2,1 2
164,27484_1000_H11_1,1 2
165,27484_1000_H11_2,1 2
166,48065_858_B5_1,1 2
167,48065_858_B5_2,1 2
168,48065_967_A11_1,1 2
169,48065_967_A11_2,1 2
170,48065_751_B7_1,1 2
171,48065_751_B7_2,1 2
172,48873_1319_H4_2,14 0
173,48873_1319_H4_3,14 0
174,48873_1313_C10_2,14 0
175,48873_1313_C10_4,14 0
176,2807_27_H4_1,25
177,2807_27_H4_2,25
178,2807_26_H4_1,25
179,2807_26_H4_2,25
180,2807_28_H4_1,25
181,2807_28_H4_2,25
182,30228_263_B12_1,23 0
183,30228_263_B12_2,23 0
184,30228_264_B12_1,23 0
185,30228_264_B12_2,23 0
186,30228_277_B12_2,23 0
187,30228_277_B12_1,23 0
188,39228_866_C3_1,25 4
189,39228_866_C3_2,25 4
190,39228_723_C3_1,25 4
191,39228_723_C3_2,25 4
192,39228_711_C3_1,25 4
193,39228_711_C3_2,25 4
194,39228_690_D2_1,25 4
195,39228_690_D2_2,25 4
196,54518_1165_D12_1,18
197,54518_1165_D12_2,18
198,54518_1003_F2_1,18
199,54518_1003_F2_2,18
200,54518_1000_F2_2,18
201,54518_1000_F2_3,18
202,51176_1392_E4_1,25 0
203,51176_1392_E4_2,25 0
204,51176_1006_F2_1,25 0
205,51176_1006_F2_2,25 0
206,70541_1343_G1_2,25 0
207,70541_1343_G1_3,25 0
208,70541_1391_E2_1,25 0
209,70541_1391_E2_2,25 0
210,70541_1347_G1_1,25 0
211,70541_1347_G1_2,25 0
212,9499_1144_C6_1,7 0
213,9499_1144_C6_2,7 0
214,9499_1001_E8_1,7 0
215,9499_1001_E8_2,7 0
216,9499_992_E8_1,7 0
217,9499_992_E8_2,7 0
218,13302_671_E1_1,22 21
219,13302_671_E1_2,22 21
220,13302_669_E1_1,22 21
221,13302_669_E1_2,22 21
222,13302_666_E1_1,22 21
223,13302_666_E1_2,22 21
224,43735_487_B7_1,25 0
225,43735_487_B7_2,25 0
226,43735_491_B7_1,25 0
227,43735_491_B7_2,25 0
228,43735_481_B7_2,25 0
229,43735_481_B7_3,25 0
230,63691_1277_E1_4,25 0
231,63691_1277_E1_5,25 0
232,63691_1168_D12_1,25 0
233,63691_1168_D12_2,25 0
234,63691_1257_D12_11,25 0
235,63691_1257_D12_12,25 0
236,47110_798_B5_1,25
237,47110_798_B5_2,25
238,47110_794_B5_5,25
239,47110_794_B5_6,25
240,47110_791_B5_2,25
241,47110_791_B5_3,25
242,47110_688_D5_1,25
243,47110_688_D5_2,25
244,41128_489_D12_2,14
245,41128_489_D12_3,14
246,41128_492_D12_1,14
247,41128_492_D12_2,14
248,41128_484_D12_1,14
249,41128_484_D12_2,14
250,17022_621_G4_1,4 0
251,17022_621_G4_2,4 0
252,17022_615_G4_1,4 0
253,17022_615_G4_2,4 0
254,17022_612_G4_1,4 0
255,17022_612_G4_2,4 0
256,48226_798_E3_1,4 0
257,48226_798_E3_2,4 0
258,48226_791_E3_1,4 0
259,48226_791_E3_2,4 0
260,48226_693_H7_2,4 0
261,48226_693_H7_3,4 0
262,50136_899_D8_1,4 0
263,50136_899_D8_2,4 0
264,50136_776_D8_1,4 0
265,50136_776_D8_2,4 0
266,50136_789_D8_1,4 0
267,50136_789_D8_2,4 0
268,40852_488_G1_1,25
269,40852_488_G1_2,25
270,40852_494_G1_2,25
271,40852_485_G1_1,25
272,40852_485_G1_2,25
273,63649_1139_A6_1,25
274,63649_1139_A6_2,25
275,63649_1220_D8_6,25
276,63649_1220_D8_7,25
277,20844_618_E10_1,25 13
278,20844_618_E10_2,25 13
279,20844_614_E10_1,25 13
280,20844_614_E10_5,25 13
281,20844_611_E10_1,25 13
282,20844_611_E10_4,25 13
283,24406_261_H3_1,25 7 2 0
284,24406_261_H3_2,25 7 2 0
285,24406_226_H3_1,25 7 2 0
286,24406_226_H3_2,25 7 2 0
287,24406_224_H3_1,25 7 2 0
288,24406_224_H3_2,25 7 2 0
289,63706_1273_E8_2,25 13 0
290,63706_1273_E8_3,25 13 0
291,63706_1232_F10_2,25 13 0
292,63706_1232_F10_3,25 13 0
293,63706_1199_F10_6,25 13 0
294,63706_1199_F10_7,25 13 0
295,6314_8_C7_1,4 2
296,6314_8_C7_2,4 2
297,6314_7_C7_1,4 2
298,6314_7_C7_2,4 2
299,6314_9_C7_1,4 2
300,6314_9_C7_2,4 2
301,11673_638_E1_1,4 2
302,11673_638_E1_2,4 2
303,11673_637_E1_1,4 2
304,11673_637_E1_2,4 2
305,11673_636_E1_1,4 2
306,11673_636_E1_3,4 2
307,17123_618_D1_1,25
308,17123_618_D1_2,25
309,17123_614_D1_1,25
310,17123_614_D1_2,25
311,17123_611_D1_1,25
312,17123_611_D1_2,25
313,41086_798_G2_1,25
314,41086_798_G2_2,25
315,41086_860_G7_2,25
316,41086_860_G7_3,25
317,41086_791_G2_1,25
318,41086_791_G2_6,25
319,7998_35_D12_1,23
320,7998_35_D12_2,23
321,19146_116_G3_1,23
322,19146_116_G3_2,23
323,19146_1404_C3_1,23
324,19146_1404_C3_3,23
325,23870_261_B3_1,0
326,23870_261_B3_2,0
327,23870_226_B3_1,0
328,23870_226_B3_2,0
329,23870_224_B3_1,0
330,23870_224_B3_2,0
331,41703_487_G3_1,25
332,41703_487_G3_2,25
333,41703_491_G3_1,25
334,41703_491_G3_2,25
335,41703_481_G3_1,25
336,41703_481_G3_3,25
337,49413_807_E4_1,3
338,49413_807_E4_2,3
339,49413_762_B4_1,3
340,49413_762_B4_2,3
341,49413_846_E4_1,3
342,49413_846_E4_2,3
343,49413_693_E1_1,3
344,49413_693_E1_3,3
345,65865_1258_B12_1,25 0
346,65865_1258_B12_2,25 0
347,65865_1284_H4_1,25 0
348,65865_1284_H4_3,25 0
349,65865_1249_B12_2,25 0
350,65865_1249_B12_5,25 0
351,43514_473_G6_1,11
352,43514_473_G6_3,11
353,43514_1137_B7_2,11
354,43514_1137_B7_3,11
355,43514_470_G6_1,11
356,43514_470_G6_2,11
357,45471_1004_F6_2,11
358,45471_1004_F6_3,11
359,45471_1129_C9_1,11
360,45471_1129_C9_2,11
361,45471_1002_F6_2,11
362,45471_1002_F6_3,11
363,41132_1319_D5_1,25 23 0
364,41132_1319_D5_2,25 23 0
365,41132_403_F2_1,25 23 0
366,41132_403_F2_2,25 23 0
367,41132_408_F2_1,25 23 0
368,41132_408_F2_2,25 23 0
369,59120_1045_G2_1,19
370,59120_1045_G2_2,19
371,59120_1169_F9_1,19
372,59120_1169_F9_2,19
373,59120_1049_G2_1,19
374,59120_1049_G2_2,19
375,60405_1060_F11_1,19
376,60405_1060_F11_3,19
377,60405_1105_F11_1,19
378,60405_1105_F11_2,19
379,41165_489_E4_1,25 14 21
380,41165_489_E4_2,25 14 21
381,41165_492_E4_2,25 14 21
382,41165_492_E4_3,25 14 21
383,41165_484_E4_3,25 14 21
384,41165_484_E4_4,25 14 21
385,42042_1761_D3_2,7 0
386,42042_1761_D3_3,7 0
387,42042_1661_H2_1,7 0
388,42042_1661_H2_2,7 0
389,42042_464_B12_1,7 0
390,42042_464_B12_2,7 0
391,13870_1779_F4_1,0
392,13870_1779_F4_2,0
393,13870_135_D4_1,0
394,13870_135_D4_2,0
395,13870_133_D4_1,0
396,13870_133_D4_2,0
397,9208_973_F11_1,25
398,9208_973_F11_2,25
399,9208_963_F11_1,25
400,9208_963_F11_2,25
401,9208_968_F11_1,25
402,9208_968_F11_2,25
403,1380_1315_B1_3,21
404,1380_1315_B1_4,21
405,1380_1339_D1_1,21
406,1380_1339_D1_2,21
407,14122_1657_D7_2,1
408,14122_1657_D7_3,1
409,14122_1606_G3_1,1
410,14122_1606_G3_6,1
411,41020_474_D2_4,25 2
412,41020_474_D2_5,25 2
413,41020_480_D2_1,25 2
414,41020_480_D2_2,25 2
415,41020_510_D2_1,25 2
416,41020_510_D2_2,25 2
417,19239_242_E1_1,25 0
418,19239_242_E1_2,25 0
419,19239_185_E1_1,25 0
420,19239_185_E1_2,25 0
421,19239_183_E1_1,25 0
422,19239_183_E1_2,25 0
423,2267_1030_A12_2,0
424,2267_1030_A12_3,0
425,2267_1671_F11_1,0
426,2267_1671_F11_2,0
427,2267_16_F10_1,0
428,2267_16_F10_2,0
429,2531_14_A11_1,0
430,2531_14_A11_2,0
431,2531_1032_A10_1,0
432,2531_1032_A10_2,0
433,12624_136_H9_1,25
434,12624_136_H9_2,25
435,12624_99_H9_1,25
436,12624_99_H9_2,25
437,12624_97_H9_1,25
438,12624_97_H9_2,25
439,12895_136_G5_1,25
440,12895_136_G5_2,25
441,12895_99_G5_1,25
442,12895_99_G5_2,25
443,12895_97_G5_1,25
444,12895_97_G5_2,25
445,49136_1700_D1_1_cr57eabe30e23ab,4
446,49136_1700_D1_6_cr57eabe38dc10a,4
447,49136_1747_D2_1_cr58062de4d3615,4
448,49136_1747_D2_19_cr58062df83c0a4,4
449,5758_973_F1_1,0
450,5758_973_F1_2,0
451,55133_1026_D11_1,25 6
452,55133_1026_D11_2,25 6
453,55133_957_C3_1,25 6
454,55133_957_C3_2,25 6
455,55133_966_C3_1,25 6
456,55133_966_C3_2,25 6
457,41357_539_A7_2,25 21
458,41357_539_A7_3,25 21
459,41357_534_A7_1,25 21
460,41357_534_A7_2,25 21
461,41357_552_A7_1,25 21
462,41357_552_A7_2,25 21
463,41474_547_C12_1,25 21
464,41474_547_C12_2,25 21
465,41474_532_C12_1,25 21
466,41474_532_C12_2,25 21
467,41474_496_C12_1,25 21
468,41474_496_C12_2,25 21
469,49434_750_A12_1,25 0
470,49434_750_A12_2,25 0
471,49434_738_A12_1,25 0
472,49434_738_A12_3,25 0
473,49434_752_B6_1,25 0
474,49434_752_B6_2,25 0
475,49434_688_A12_1,25 0
476,49434_688_A12_2,25 0
477,26404_625_E3_1,25
478,26404_625_E3_2,25
479,26404_631_E3_2,25
480,26404_631_E3_3,25
481,26404_629_E3_2,25
482,26404_629_E3_3,25
483,41311_473_F11_4,25 21
484,41311_473_F11_5,25 21
485,41311_470_F11_1,25 21
486,41311_470_F11_2,25 21
487,41311_468_F11_1,25 21
488,41311_468_F11_3,25 21
489,56415_985_E1_1,0
490,56415_985_E1_2,0
491,56415_1026_E2_1,0
492,56415_1026_E2_2,0
493,56415_982_E1_1,0
494,56415_982_E1_2,0
495,43246_1128_C4_6,25 0
496,43246_1128_C4_8,25 0
497,43246_1047_F3_1,25 0
498,43246_1047_F3_2,25 0
499,43246_1048_F3_1,25 0
500,43246_1048_F3_2,25 0
501,51168_1272_B6_1,25 0
502,51168_1272_B6_2,25 0
503,51168_784_E2_1,25 0
504,51168_784_E2_2,25 0
505,51168_740_E2_1,25 0
506,51168_740_E2_2,25 0
507,51168_704_F5_1,25 0
508,51168_704_F5_2,25 0
509,21997_237_B1_1,25
510,21997_237_B1_2,25
511,21997_268_B1_1,25
512,21997_268_B1_2,25
513,21997_236_B1_1,25
514,21997_236_B1_2,25
515,50557_816_C10_1,25
516,50557_816_C10_2,25
517,50557_777_C10_1,25
518,50557_777_C10_2,25
519,50557_790_C10_1,25
520,50557_790_C10_2,25
521,50557_694_H8_1,25
522,50557_694_H8_2,25
523,44348_622_C5_3,25
524,44348_622_C5_4,25
525,44348_619_C5_2,25
526,44348_619_C5_4,25
527,44348_616_C5_1,25
528,44348_616_C5_2,25
529,29290_326_G10_1,7
530,29290_326_G10_2,7
531,29290_321_G10_1,7
532,29290_321_G10_3,7
533,29290_323_G10_7,7
534,29290_323_G10_10,7
535,43542_1486_A1_1,3
536,43542_1486_A1_2,3
537,43542_1496_A1_1,3
538,43542_1496_A1_2,3
539,34504_563_C6_1,0
540,34504_563_C6_2,0
541,34504_566_C6_1,0
542,34504_566_C6_2,0
543,34504_569_C6_1,0
544,34504_569_C6_2,0
545,40939_424_A8_1,25 0
546,40939_424_A8_2,25 0
547,40939_418_A8_1,25 0
548,40939_418_A8_2,25 0
549,40939_429_A8_1,25 0
550,40939_429_A8_2,25 0
551,41112_1226_B8_1,25 0
552,41112_1226_B8_2,25 0
553,41112_1184_F7_1,25 0
554,41112_1184_F7_2,25 0
555,41112_551_F6_1,25 0
556,41112_551_F6_2,25 0
557,41522_1128_E3_4,25 13
558,41522_1128_E3_5,25 13
559,41522_1293_G7_1,25 13
560,41522_1293_G7_2,25 13
561,41522_1057_A4_1,25 13
562,41522_1057_A4_2,25 13
563,67411_1318_E11_3,25 13
564,67411_1318_E11_7,25 13
565,67411_1258_D10_2,25 13
566,67411_1258_D10_5,25 13
567,67411_1249_D10_1,25 13
568,67411_1249_D10_2,25 13
569,21881_299_C4_2,25 0
570,21881_299_C4_3,25 0
571,21881_300_C4_4,25 0
572,21881_300_C4_5,25 0
573,21881_298_C4_1,25 0
574,21881_298_C4_2,25 0
575,17861_144_A1_1,25
576,17861_144_A1_2,25
577,17861_145_A1_1,25
578,17861_145_A1_2,25
579,17861_143_A1_1,25
580,17861_143_A1_2,25
581,22979_1294_B8_1,2
582,22979_1294_B8_2,2
583,22979_1262_D3_1,2
584,22979_1262_D3_2,2
585,22979_1264_D3_1,2
586,22979_1264_D3_2,2
587,24795_1773_E12_2,16 14 17 2
588,24795_1773_E12_6,16 14 17 2
589,24795_255_B3_1,16 14 17 2
590,24795_255_B3_2,16 14 17 2
591,12896_136_E11_1,0
592,12896_136_E11_2,0
593,12896_99_E11_1,0
594,12896_99_E11_2,0
595,12896_97_E11_1,0
596,12896_97_E11_2,0
597,47839_864_A12_1,0
598,47839_864_A12_2,0
599,47839_750_H10_1,0
600,47839_750_H10_2,0
601,47839_738_H10_1,0
602,47839_738_H10_2,0
603,47839_688_D2_1,0
604,47839_688_D2_3,0
605,24446_197_A7_1,25 7
606,24446_197_A7_2,25 7
607,24446_195_A7_1,25 7
608,24446_195_A7_2,25 7
609,21641_193_A3_1,25 0
610,21641_193_A3_2,25 0
611,21641_194_A3_1,25 0
612,21641_194_A3_2,25 0
613,21641_192_A3_1,25 0
614,21641_192_A3_2,25 0
615,21453_1248_B6_3,25
616,21453_1248_B6_4,25
617,21453_1139_E1_1,25
618,21453_1139_E1_4,25
619,21453_1132_E1_1,25
620,21453_1132_E1_2,25
621,2969_1787_H4_7_cr5968c4f251dc0,25 21
622,2969_1787_H4_24_cr5968c4f252599,25 21
623,2969_92_D4_3,25 21
624,2969_92_D4_4,25 21
625,2969_77_D4_1,25 21
626,2969_77_D4_2,25 21
627,21882_190_C3_1,25
628,21882_190_C3_2,25
629,21882_191_C3_1,25
630,21882_191_C3_2,25
631,21882_189_C3_1,25
632,21882_189_C3_2,25
633,22934_190_C2_1,7 0
634,22934_190_C2_2,7 0
635,22934_191_C2_1,7 0
636,22934_191_C2_2,7 0
637,22934_189_C2_1,7 0
638,22934_189_C2_2,7 0
639,23434_193_D10_1,7 0
640,23434_193_D10_2,7 0
641,23434_194_D10_1,7 0
642,23434_194_D10_2,7 0
643,23434_192_D10_1,7 0
644,23434_192_D10_2,7 0
645,44914_563_F1_1,25 0
646,44914_563_F1_2,25 0
647,44914_1749_E4_13_cr5804baa8c3142,25 0
648,44914_1749_E4_18_cr5804bab353444,25 0
649,44914_566_F1_1,25 0
650,44914_566_F1_2,25 0
651,67052_1572_G11_4,6
652,67052_1572_G11_6,6
653,11571_640_F2_3,25 17
654,11571_640_F2_4,25 17
655,11571_642_F2_1,25 17
656,11571_642_F2_2,25 17
657,11571_641_F2_1,25 17
658,11571_641_F2_2,25 17
659,17155_623_C4_1,25 17
660,17155_623_C4_2,25 17
661,17155_620_C4_1,25 17
662,17155_620_C4_2,25 17
663,17155_627_C4_1,25 17
664,17155_627_C4_2,25 17
665,59143_1029_B6_5,25 17
666,59143_1029_B6_6,25 17
667,59143_1772_H6_4,25 17
668,59143_1772_H6_6,25 17
669,59143_1009_B6_1,25 17
670,59143_1009_B6_2,25 17
671,44415_1356_A3_3,0
672,44415_1356_A3_6,0
673,44415_498_D8_1,0
674,44415_501_D8_1,0
675,44415_501_D8_2,0
676,57289_963_F6_1,2
677,57289_963_F6_3,2
678,57289_1432_C8_5,2
679,57289_1432_C8_6,2
680,57289_968_F6_3,2
681,57289_968_F6_4,2
682,12897_99_H5_1,23
683,12897_99_H5_2,23
684,59539_1368_F1_1,25 0
685,59539_1368_F1_4,25 0
686,59539_1164_D6_2,25 0
687,59539_1164_D6_3,25 0
688,59539_1174_D6_3,25 0
689,59539_1174_D6_4,25 0
690,28937_271_D4_2,3 0
691,28937_271_D4_1,3 0
692,28937_272_D4_1,3 0
693,28937_272_D4_2,3 0
694,28937_270_D4_2,3 0
695,28937_270_D4_1,3 0
696,4479_60_E12_1,23
697,4479_60_E12_2,23
698,4479_1_H9_1,23
699,4479_1_H9_2,23
700,4479_3_H9_1,23
701,4479_3_H9_2,23
702,29561_990_F1_1,23 0
703,29561_990_F1_4,23 0
704,29561_322_E8_2,23 0
705,29561_322_E8_3,23 0
706,29561_934_B1_4,23 0
707,29561_934_B1_7,23 0
708,15464_943_G1_1,25
709,15464_943_G1_2,25
710,15464_951_G1_1,25
711,15464_951_G1_2,25
712,40602_415_H9_1,7
713,40602_415_H9_2,7
714,40602_411_H9_1,7
715,40602_411_H9_2,7
716,40602_416_H9_1,7
717,40602_416_H9_2,7
718,65505_1233_G6_3,2 21
719,65505_1233_G6_4,2 21
720,65505_1279_A2_1,2 21
721,65505_1279_A2_2,2 21
722,65505_1236_G6_1,2 21
723,65505_1236_G6_2,2 21
724,40709_413_D7_1,25 0
725,40709_413_D7_2,25 0
726,40709_417_D7_1,25 0
727,40709_417_D7_3,25 0
728,40709_420_D7_1,25 0
729,40709_420_D7_2,25 0
730,43401_558_H9_1,25 0
731,43401_558_H9_2,25 0
732,43401_518_H9_1,25 0
733,43401_518_H9_2,25 0
734,44218_1026_D7_2,23 2
735,44218_1026_D7_3,23 2
736,44218_771_B2_1,23 2
737,44218_771_B2_2,23 2
738,44218_697_E5_1,23 2
739,44218_697_E5_2,23 2
740,53966_823_C5_1,2
741,53966_823_C5_3,2
742,53966_965_D5_3,2
743,53966_965_D5_4,2
744,53966_833_D5_1,2
745,53966_833_D5_2,2
746,53966_904_G2_4,2
747,53966_904_G2_6,2
748,56028_1026_G1_3,2
749,56028_1026_G1_4,2
750,56028_957_G7_1,2
751,56028_957_G7_2,2
752,56028_966_G7_3,2
753,56028_966_G7_4,2
754,56028_936_D3_3,2
755,56028_936_D3_6,2
756,57088_1144_H4_1,0
757,57088_1144_H4_2,0
758,57088_1001_C3_1,0
759,57088_1001_C3_2,0
760,57088_992_C3_1,0
761,57088_992_C3_2,0
762,23286_237_A7_1,25 4
763,23286_237_A7_2,25 4
764,23286_268_A7_1,25 4
765,23286_268_A7_2,25 4
766,23286_236_A7_1,25 4
767,23286_236_A7_2,25 4
768,23026_394_H5_1,25 5 0
769,23026_394_H5_2,25 5 0
770,23026_395_H5_1,25 5 0
771,23026_395_H5_2,25 5 0
772,23026_399_H5_1,25 5 0
773,23026_399_H5_2,25 5 0
774,29928_271_F5_2,25 5 0
775,29928_271_F5_1,25 5 0
776,29928_272_F5_1,25 5 0
777,29928_272_F5_2,25 5 0
778,29928_270_F5_1,25 5 0
779,29928_270_F5_2,25 5 0
780,11954_1399_D12_1,22
781,11954_1399_D12_2,22
782,12852_1731_D2_8_cr57ee2c1feafa8,22
783,12852_1731_D2_18_cr57ee2c287c8ae,22
784,12852_1404_A3_1,22
785,12852_1404_A3_3,22
786,12852_104_G8_1,22
787,12852_104_G8_2,22
788,44505_1677_H3_1,25 18
789,44505_1677_H3_4,25 18
790,44505_1688_H3_31,25 18
791,44505_1688_H3_32,25 18
792,52412_1677_D7_1,25 18
793,52412_1677_D7_2,25 18
794,52412_1688_D7_8_cr57f3f0aa6814e,25 18
795,52412_1688_D7_18_cr57f3f0b36c47c,25 18
796,39238_651_H2_1,0
797,39238_651_H2_2,0
798,39238_652_H2_1,0
799,39238_652_H2_2,0
800,39238_656_H2_1,0
801,39238_656_H2_2,0
802,51244_799_F7_1,0
803,51244_799_F7_2,0
804,51244_792_F7_1,0
805,51244_792_F7_2,0
806,51244_si3_H5_1,0
807,51244_si3_H5_3,0
808,51244_si3_H5_5,0
809,51244_si3_H5_7,0
810,51244_si3_H6_2,0
811,51244_si3_H6_3,0
812,51244_si3_H6_5,0
813,51244_si3_H6_7,0
814,22974_222_F10_1,14
815,22974_222_F10_2,14
816,22974_248_F10_1,14
817,22974_248_F10_2,14
818,22974_221_F10_1,14
819,22974_221_F10_2,14
820,10005_921_B9_1,25
821,10005_921_B9_2,25
822,10005_931_B9_1,25
823,10005_931_B9_2,25
824,10005_923_B9_1,25
825,10005_923_B9_2,25
826,21451_222_E10_2,1 21
827,21451_222_E10_4,1 21
828,21451_221_E10_1,1 21
829,21451_221_E10_2,1 21
830,21878_190_D3_1,0
831,21878_190_D3_2,0
832,21878_191_D3_1,0
833,21878_191_D3_2,0
834,21878_189_D3_1,0
835,21878_189_D3_2,0
836,15410_948_A5_5,3
837,15410_948_A5_7,3
838,15410_943_A5_2,3
839,15410_943_A5_3,3
840,15410_951_A5_1,3
841,15410_951_A5_2,3
842,21989_187_F12_1,2 0
843,21989_187_F12_2,2 0
844,21989_188_F12_1,2 0
845,21989_188_F12_2,2 0
846,21989_246_F12_1,2 0
847,21989_246_F12_2,2 0
848,27838_335_F4_1,2 0
849,27838_335_F4_2,2 0
850,27838_322_F4_1,2 0
851,27838_322_F4_2,2 0
852,27838_327_F4_1,2 0
853,27838_327_F4_2,2 0
854,56172_919_D1_1,0
855,56172_919_D1_2,0
856,56172_914_D1_1,0
857,56172_914_D1_2,0
858,56172_913_D1_1,0
859,56172_913_D1_2,0
860,56172_930_G8_1,0
861,56172_930_G8_2,0
862,53006_871_H1_1,2
863,53006_871_H1_2,2
864,53006_1208_E5_2,2
865,53006_1208_E5_4,2
866,53006_833_C7_1,2
867,53006_833_C7_3,2
868,13514_637_D12_5,25 10 0
869,13514_637_D12_6,25 10 0
870,13514_636_D12_1,25 10 0
871,13514_636_D12_2,25 10 0
872,64306_1139_D12_2,25 10 0
873,64306_1139_D12_3,25 10 0
874,64306_1192_D3_2,25 10 0
875,64306_1192_D3_4,25 10 0
876,64306_1132_D12_3,25 10 0
877,64306_1132_D12_4,25 10 0
878,27523_219_C12_1,0
879,27523_219_C12_2,0
880,27523_220_C12_1,0
881,27523_220_C12_2,0
882,27523_218_C12_1,0
883,27523_218_C12_2,0
884,21575_187_F10_1,25 0
885,21575_187_F10_2,25 0
886,21575_188_F10_1,25 0
887,21575_188_F10_2,25 0
888,21575_246_F10_1,25 0
889,21575_246_F10_2,25 0
890,21578_193_G1_1,25 0
891,21578_193_G1_2,25 0
892,21578_192_G1_1,25 0
893,21578_192_G1_2,25 0
894,64820_1273_G12_1,25 0
895,64820_1273_G12_2,25 0
896,64820_1215_G2_2,25 0
897,64820_1215_G2_4,25 0
898,64820_1209_G2_1,25 0
899,64820_1209_G2_2,25 0
900,31462_319_H3_1,0
901,31462_319_H3_2,0
902,31462_320_H3_1,0
903,31462_320_H3_2,0
904,31462_340_H3_1,0
905,31462_340_H3_2,0
906,21991_394_F5_1,7
907,21991_394_F5_2,7
908,21991_395_F5_1,7
909,21991_395_F5_2,7
910,21991_399_F5_1,7
911,21991_399_F5_2,7
912,24019_279_G7_2,16 18 14
913,24019_279_G7_1,16 18 14
914,24019_280_G7_2,16 18 14
915,24019_280_G7_1,16 18 14
916,24019_278_G7_1,16 18 14
917,24019_278_G7_2,16 18 14
918,17886_150_B6_1,25 7
919,17886_150_B6_2,25 7
920,17886_151_B6_1,25 7
921,17886_151_B6_2,25 7
922,17886_149_B6_1,25 7
923,17886_149_B6_2,25 7
924,12021_1279_H2_1,5 0
925,12021_1279_H2_2,5 0
926,12021_912_E10_1,5 0
927,12021_912_E10_2,5 0
928,12021_911_E10_1,5 0
929,12021_911_E10_2,5 0
930,12021_930_G6_1,5 0
931,12021_930_G6_2,5 0
932,41615_486_G12_1,21
933,41615_486_G12_2,21
934,41615_1054_H2_1,21
935,41615_1054_H2_2,21
936,41615_490_G12_1,21
937,41615_490_G12_2,21
938,49187_733_B12_1,7
939,49187_733_B12_2,7
940,49187_721_B12_1,7
941,49187_721_B12_2,7
942,49187_727_B12_1,7
943,49187_727_B12_2,7
944,49187_682_G10_1,7
945,49187_682_G10_2,7
946,66483_1213_A10_1,25
947,66483_1213_A10_2,25
948,66483_1279_B8_1,25
949,66483_1279_B8_3,25
950,66483_1235_A10_2,25
951,66483_1235_A10_3,25
952,9017_921_F1_1,0
953,9017_921_F1_2,0
954,9017_931_F1_2,0
955,9017_931_F1_3,0
956,9017_923_F1_1,0
957,9017_923_F1_2,0
958,68850_1715_A5_8_cr57fd2701ec147,0
959,68850_1715_A5_13_cr57fd270a984ad,0
960,68850_1283_D11_3,0
961,68850_1283_D11_4,0
962,68850_1286_D11_7,0
963,68850_1286_D11_9,0
964,19154_199_B7_1,19 25 0
965,19154_199_B7_2,19 25 0
966,19154_157_B7_1,19 25 0
967,19154_157_B7_2,19 25 0
968,19154_155_B7_1,19 25 0
969,19154_155_B7_2,19 25 0
970,47976_1717_E2_8_cr57f4f213f4077,25 21
971,47976_1717_E2_23_cr57f4f22680687,25 21
972,47976_1581_E6_1,25 21
973,47976_1581_E6_3,25 21
974,47976_1746_G2_1,25 21
975,47976_1746_G2_2,25 21
976,40943_555_C1_1,25 2
977,40943_555_C1_2,25 2
978,40943_504_C1_1,25 2
979,40943_504_C1_2,25 2
980,40943_506_C1_1,25 2
981,40943_506_C1_2,25 2
982,16492_134_C3_1,25 1 0
983,16492_134_C3_2,25 1 0
984,16492_135_C3_1,25 1 0
985,16492_135_C3_2,25 1 0
986,16492_133_C3_1,25 1 0
987,16492_133_C3_2,25 1 0
988,1060_169_D12_1,25 21
989,1060_169_D12_2,25 21
990,1338_201_D3_1,25 21
991,1338_201_D3_2,25 21
992,1338_202_D3_1,25 21
993,1338_202_D3_2,25 21
994,1338_200_D3_1,25 21
995,1338_200_D3_2,25 21
996,73538_1348_A2_2,21
997,73538_1348_A2_4,21
998,73538_1349_A2_2,21
999,73538_1349_A2_5,21
1000,73538_1350_A2_6,21
1001,73538_1350_A2_7,21
1002,17288_138_A10_1,0
1003,17288_138_A10_2,0
1004,17288_1044_F4_2,0
1005,17288_1044_F4_3,0
1006,17288_139_A10_1,0
1007,17288_139_A10_2,0
1008,41324_1537_E1_2,25 1
1009,41324_1537_E1_3,25 1
1010,41324_1443_G1_1,25 1
1011,41324_1443_G1_2,25 1
1012,41324_1479_G1_1,25 1
1013,41324_1479_G1_2,25 1
1014,71902_1743_B9_8_cr57ff7a03266fd,6
1015,71902_1743_B9_13_cr57ff7a0caf357,6
1016,71902_1436_E6_1,6
1017,71902_1436_E6_3,6
1018,41662_1293_B8_1,25 23
1019,41662_1293_B8_4,25 23
1020,41662_1081_F12_1,25 23
1021,41662_1081_F12_2,25 23
1022,41662_1057_B4_1,25 23
1023,41662_1057_B4_2,25 23
1024,15055_172_B11_1,0
1025,15055_172_B11_2,0
1026,15055_123_B11_1,0
1027,15055_123_B11_2,0
1028,15055_121_B11_1,0
1029,15055_121_B11_2,0
1030,61646_1080_H5_1,0
1031,61646_1080_H5_2,0
1032,61646_1210_B11_1,0
1033,61646_1210_B11_3,0
1034,61646_1102_H5_2,0
1035,61646_1102_H5_3,0
1036,52625_785_A8_1,3
1037,52625_785_A8_2,3
1038,52625_868_G4_1,3
1039,52625_868_G4_2,3
1040,52625_783_A8_1,3
1041,52625_783_A8_3,3
1042,52625_915_D12_1,3
1043,52625_915_D12_2,3
1044,55540_886_F5_1,23
1045,55540_886_F5_2,23
1046,55540_878_A6_1,23
1047,55540_878_A6_2,23
1048,55540_873_A6_1,23
1049,55540_873_A6_2,23
1050,29255_1060_A4_1,5 0
1051,29255_1060_A4_3,5 0
1052,29255_1105_A4_1,5 0
1053,29255_1105_A4_2,5 0
1054,29256_1060_E7_3,5 0
1055,29256_1060_E7_4,5 0
1056,29256_1178_G7_3,5 0
1057,29256_1178_G7_4,5 0
1058,29256_1105_E7_1,5 0
1059,29256_1105_E7_2,5 0
1060,30047_296_F5_2,23 2
1061,30047_296_F5_1,23 2
1062,30047_297_F5_2,23 2
1063,30047_297_F5_1,23 2
1064,30047_295_F5_2,23 2
1065,30047_295_F5_1,23 2
1066,16565_131_H10_1,25 7
1067,16565_131_H10_2,25 7
1068,16565_164_H10_1,25 7
1069,16565_164_H10_2,25 7
1070,63622_1220_A9_7,25 7
1071,63622_1220_A9_10,25 7
1072,63622_1201_E11_1,25 7
1073,63622_1201_E11_2,25 7
1074,1864_27_D4_1,25
1075,1864_27_D4_2,25
1076,1864_26_D4_1,25
1077,1864_26_D4_2,25
1078,41885_558_E6_1,7 0
1079,41885_558_E6_2,7 0
1080,41885_530_E6_2,7 0
1081,41885_530_E6_3,7 0
1082,41885_518_E6_1,7 0
1083,41885_518_E6_2,7 0
1084,21485_234_C11_1,25
1085,21485_234_C11_2,25
1086,21485_235_C11_1,25
1087,21485_235_C11_2,25
1088,21485_535_C11_1,25
1089,21485_535_C11_2,25
1090,21485_si17_H10_2,25
1091,21485_si17_H10_3,25
1092,21485_si17_H12_2,25
1093,21485_si17_H12_3,25
1094,62846_1230_H5_1,25 0
1095,62846_1230_H5_2,25 0
1096,62846_1186_C12_1,25 0
1097,62846_1186_C12_2,25 0
1098,62846_1200_C12_1,25 0
1099,62846_1200_C12_2,25 0
1100,36059_380_F12_1,25
1101,36059_380_F12_2,25
1102,36059_382_F12_1,25
1103,36059_382_F12_2,25
1104,43320_558_B10_1,25 0 21
1105,43320_558_B10_3,25 0 21
1106,43320_530_B10_1,25 0 21
1107,43320_530_B10_2,25 0 21
1108,43320_518_B10_1,25 0 21
1109,43320_518_B10_2,25 0 21
1110,43572_813_E7_1,25 0 21
1111,43572_813_E7_2,25 0 21
1112,43572_758_E7_1,25 0 21
1113,43572_758_E7_2,25 0 21
1114,43572_754_E7_3,25 0 21
1115,43572_754_E7_5,25 0 21
1116,30637_572_A9_1,4
1117,30637_572_A9_2,4
1118,30637_564_A9_1,4
1119,30637_564_A9_2,4
1120,30637_587_A9_1,4
1121,30637_587_A9_2,4
1122,39383_517_G10_1,25
1123,39383_517_G10_2,25
1124,39383_520_G10_1,25
1125,39383_520_G10_2,25
1126,58829_1308_F6_2,25
1127,58829_1308_F6_3,25
1128,58829_1671_G10_3,25
1129,58829_1671_G10_6,25
1130,27295_1150_E1_3,0 21
1131,27295_1150_E1_8,0 21
1132,27295_1183_F1_1,0 21
1133,27295_1183_F1_2,0 21
1134,27295_564_E11_1,0 21
1135,27295_564_E11_2,0 21
1136,19142_198_B5_1,25
1137,19142_198_B5_2,25
1138,19142_154_B5_1,25
1139,19142_154_B5_2,25
1140,19142_152_B5_1,25
1141,19142_152_B5_2,25
1142,18015_173_H9_1,25
1143,18015_173_H9_2,25
1144,18015_168_H9_1,25
1145,18015_168_H9_2,25
1146,18015_140_H9_1,25
1147,18015_140_H9_2,25
1148,1401_30_D2_1,25 21
1149,1401_30_D2_2,25 21
1150,1401_29_D2_1,25 21
1151,1401_29_D2_2,25 21
1152,1401_31_D2_1,25 21
1153,1401_31_D2_2,25 21
1154,7029_19_G7_1,25 21
1155,7029_19_G7_2,25 21
1156,7029_17_G7_1,25 21
1157,7029_17_G7_2,25 21
1158,7029_18_G7_1,25 21
1159,7029_18_G7_2,25 21
1160,30920_1743_F10_13_cr57fe210e08ab0,25 21
1161,30920_1743_F10_18_cr57fe211829aa4,25 21
1162,30920_830_H5_2,25 21
1163,30920_830_H5_3,25 21
1164,30920_742_G11_1,25 21
1165,30920_742_G11_2,25 21
1166,23801_626_H4_1,25
1167,23801_626_H4_2,25
1168,23801_632_H4_1,25
1169,23801_632_H4_2,25
1170,23801_633_H4_1,25
1171,23801_633_H4_4,25
1172,55234_1700_E7_31,4
1173,55234_1700_E7_32,4
1174,55234_1712_D12_9_cr5804a2f3a5814,4
1175,55234_1712_D12_27_cr5804a2fd482ec,4
1176,55234_1737_D8_13_cr5806548119686,4
1177,55234_1737_D8_18_cr5806548a84e5f,4
1178,30976_571_D10_1,1
1179,30976_571_D10_2,1
1180,30976_1216_D10_1,1
1181,30976_1216_D10_5,1
1182,15015_172_H10_1,25
1183,15015_172_H10_2,25
1184,15015_123_H10_1,25
1185,15015_123_H10_2,25
1186,15015_121_H10_1,25
1187,15015_121_H10_2,25
1188,15015_352_D12_3,25
1189,15015_352_D12_4,25
1190,68995_1365_G10_1,3
1191,68995_1365_G10_2,3
1192,68995_1368_B3_3,3
1193,68995_1368_B3_4,3
1194,68995_1300_G10_1,3
1195,68995_1300_G10_2,3
1196,1462_60_E2_1,7
1197,1462_60_E2_2,7
1198,1462_59_E2_1,7
1199,1462_59_E2_2,7
1200,1462_61_E2_1,7
1201,1462_61_E2_2,7
1202,72065_1547_C10_1,23 0
1203,72065_1547_C10_2,23 0
1204,72065_1357_B10_2,23 0
1205,72065_1357_B10_3,23 0
1206,72065_1359_B10_1,23 0
1207,72065_1359_B10_2,23 0
1208,18334_144_D11_1,3
1209,18334_144_D11_2,3
1210,18334_145_D11_1,3
1211,18334_145_D11_2,3
1212,18334_143_D11_1,3
1213,18334_143_D11_2,3
1214,2891_39_F7_1,14
1215,2891_39_F7_2,14
1216,2891_38_F7_1,14
1217,2891_38_F7_2,14
1218,2891_40_F7_1,14
1219,2891_40_F7_2,14
1220,40203_415_H3_1,22 0
1221,40203_415_H3_2,22 0
1222,40203_1356_G2_1,22 0
1223,40203_1356_G2_2,22 0
1224,40203_411_H3_1,22 0
1225,40203_411_H3_2,22 0
1226,52075_865_D1_2,25
1227,52075_865_D1_3,25
1228,52075_767_H5_1,25
1229,52075_767_H5_2,25
1230,52075_779_H5_3,25
1231,52075_779_H5_4,25
1232,35266_956_A10_4,0
1233,35266_956_A10_5,0
1234,35266_1396_G8_5,0
1235,35266_1396_G8_6,0
1236,35266_954_A10_1,0
1237,35266_954_A10_2,0
1238,40223_1054_F11_1,25
1239,40223_418_D3_1,25
1240,40223_418_D3_2,25
1241,40223_429_D3_1,25
1242,40223_429_D3_3,25
1243,36772_1319_G2_4,2
1244,36772_1319_G2_5,2
1245,36772_1142_A4_1,2
1246,36772_1142_A4_2,2
1247,56098_919_G2_1,25 0
1248,56098_919_G2_2,25 0
1249,56098_914_G2_1,25 0
1250,56098_914_G2_2,25 0
1251,56098_913_G2_1,25 0
1252,56098_913_G2_2,25 0
1253,35140_378_F9_1,23 2
1254,35140_378_F9_2,23 2
1255,35140_376_F9_1,23 2
1256,35140_376_F9_2,23 2
1257,35140_383_F9_1,23 2
1258,35140_383_F9_2,23 2
1259,41858_489_B2_1,23 0
1260,41858_489_B2_2,23 0
1261,41858_492_B2_1,23 0
1262,41858_492_B2_4,23 0
1263,41858_484_B2_1,23 0
1264,41858_484_B2_2,23 0
1265,43561_824_B2_1,0
1266,43561_824_B2_2,0
1267,43561_978_B2_2,0
1268,43561_978_B2_3,0
1269,43561_884_B2_1,0
1270,43561_884_B2_2,0
1271,43561_687_G4_1,0
1272,43561_687_G4_2,0
1273,48073_824_E10_3,0
1274,48073_824_E10_4,0
1275,48073_978_E10_2,0
1276,48073_978_E10_3,0
1277,48073_884_E10_3,0
1278,48073_884_E10_4,0
1279,48073_695_G11_1,0
1280,48073_695_G11_2,0
1281,43563_1210_F1_3,5
1282,43563_1210_F1_4,5
1283,43563_1313_A3_3,5
1284,43563_1313_A3_5,5
1285,55674_1041_B7_1,22 0 21
1286,55674_1041_B7_2,22 0 21
1287,55674_1144_G10_1,22 0 21
1288,55674_1144_G10_2,22 0 21
1289,55674_996_B7_1,22 0 21
1290,55674_996_B7_2,22 0 21
1291,63656_1210_G12_1,25 0
1292,63656_1210_G12_3,25 0
1293,25807_671_C11_1,12 25 21
1294,25807_671_C11_2,12 25 21
1295,25807_669_C11_2,12 25 21
1296,25807_669_C11_3,12 25 21
1297,25807_666_C11_1,12 25 21
1298,25807_666_C11_2,12 25 21
1299,27093_231_D1_1,12 25 21
1300,27093_231_D1_2,12 25 21
1301,27093_232_D1_1,12 25 21
1302,27093_232_D1_2,12 25 21
1303,27093_230_D1_1,12 25 21
1304,27093_230_D1_2,12 25 21
1305,73309_1442_H9_2,0
1306,73309_1442_H9_3,0
1307,73309_1402_C9_2,0
1308,73309_1402_C9_4,0
1309,73309_1397_C9_2,0
1310,73309_1397_C9_3,0
1311,48111_1040_C5_1,3
1312,48111_1040_C5_2,3
1313,48111_1137_F7_2,3
1314,48111_1137_F7_3,3
1315,48111_1038_C5_1,3
1316,48111_1038_C5_2,3
1317,49719_723_D12_1,25 6 2
1318,49719_723_D12_2,25 6 2
1319,49719_711_D12_1,25 6 2
1320,49719_711_D12_2,25 6 2
1321,49719_700_A8_1,25 6 2
1322,49719_700_A8_2,25 6 2
1323,38751_857_H4_2,25 2
1324,38751_857_H4_3,25 2
1325,38751_1036_F12_3,25 2
1326,38751_1036_F12_4,25 2
1327,38751_847_H4_1,25 2
1328,38751_847_H4_2,25 2
1329,50402_827_F3_1,6
1330,50402_827_F3_5,6
1331,50402_977_F3_1,6
1332,50402_977_F3_2,6
1333,50402_829_F3_3,6
1334,50402_829_F3_4,6
1335,50402_681_C3_5,6
1336,50402_681_C3_6,6
1337,21197_187_D7_1,25 0
1338,21197_187_D7_2,25 0
1339,21197_188_D7_1,25 0
1340,21197_188_D7_2,25 0
1341,21197_246_D7_1,25 0
1342,21197_246_D7_2,25 0
1343,50343_1553_D3_2,0
1344,50343_1553_D3_3,0
1345,50343_1512_F4_1,0
1346,50343_1512_F4_3,0
1347,50343_1504_F4_1,0
1348,50343_1504_F4_2,0
1349,60467_1553_F3_2,0
1350,60467_1553_F3_4,0
1351,60467_1512_E6_1,0
1352,60467_1512_E6_4,0
1353,60467_1504_E6_1,0
1354,60467_1504_E6_3,0
1355,43739_1125_A4_1,0
1356,43739_1125_A4_2,0
1357,43739_1386_F11_1,0
1358,43739_1386_F11_2,0
1359,43739_516_G5_2,0
1360,43739_516_G5_3,0
1361,62294_1310_F9_1,25 0
1362,62294_1310_F9_2,25 0
1363,62294_1573_A9_1,25 0
1364,62294_1573_A9_2,25 0
1365,62294_1312_F9_1,25 0
1366,62294_1312_F9_2,25 0
1367,10464_991_D3_3,22 7 4 21
1368,10464_991_D3_5,22 7 4 21
1369,10464_983_D3_2,22 7 4 21
1370,10464_983_D3_4,22 7 4 21
1371,68108_1411_H3_4,5
1372,68108_1411_H3_6,5
1373,68108_1287_C4_1,5
1374,68108_1287_C4_3,5
1375,48961_748_H11_1,25
1376,48961_748_H11_2,25
1377,48961_896_H11_1,25
1378,48961_896_H11_2,25
1379,48961_699_B2_1,25
1380,48961_699_B2_2,25
1381,46104_622_F1_7,3 8
1382,46104_622_F1_8,3 8
1383,46104_619_F1_2,3 8
1384,46104_619_F1_3,3 8
1385,46104_616_F1_3,3 8
1386,46104_616_F1_4,3 8
1387,49231_769_A4_5,3 8
1388,49231_769_A4_6,3 8
1389,49231_761_A4_1,3 8
1390,49231_761_A4_2,3 8
1391,49231_757_A4_4,3 8
1392,49231_757_A4_5,3 8
1393,49231_682_E3_6,3 8
1394,49231_682_E3_7,3 8
1395,31315_857_C12_1,25 11
1396,31315_857_C12_2,25 11
1397,31315_847_C12_1,25 11
1398,31315_847_C12_2,25 11
1399,31315_695_B2_1,25 11
1400,31315_695_B2_2,25 11
1401,76219_1606_E11_3,5
1402,76219_1606_E11_4,5
1403,76219_1682_E10_2,5
1404,76219_1682_E10_4,5
1405,76219_1614_E11_1,5
1406,76219_1614_E11_2,5
1407,30847_326_B9_1,25
1408,30847_326_B9_2,25
1409,30847_321_B9_2,25
1410,30847_321_B9_3,25
1411,30847_323_B9_1,25
1412,30847_323_B9_2,25
1413,54363_1036_F3_1,2
1414,54363_1036_F3_2,2
1415,54363_883_G4_1,2
1416,54363_883_G4_2,2
1417,54363_875_G4_1,2
1418,54363_875_G4_2,2
1419,54363_903_C10_1,2
1420,54363_903_C10_2,2
1421,59387_1043_G5_2,2
1422,59387_1043_G5_5,2
1423,59387_1218_E1_2,2
1424,59387_1218_E1_3,2
1425,59387_1018_E1_1,2
1426,59387_1018_E1_2,2
1427,31343_788_D1_1,25 0
1428,31343_788_D1_2,25 0
1429,31343_742_H9_1,25 0
1430,31343_742_H9_2,25 0
1431,72692_1395_A3_1,7 2
1432,72692_1395_A3_2,7 2
1433,72692_1371_E1_1,7 2
1434,72692_1371_E1_4,7 2
1435,72692_1369_E1_2,7 2
1436,72692_1369_E1_5,7 2
1437,41928_489_A2_1,25
1438,41928_489_A2_2,25
1439,41928_484_A2_1,25
1440,41928_484_A2_2,25
1441,45805_1416_C8_1,25 0
1442,45805_1416_C8_3,25 0
1443,62958_1767_H11_1_cr594bac8e62e83,23 0
1444,62958_1767_H11_14_cr594bac8e63603,23 0
1445,62958_1681_C9_2,23 0
1446,62958_1681_C9_3,23 0
1447,62958_1675_C9_31,23 0
1448,62958_1675_C9_32,23 0
1449,17327_1717_C11_13_cr57f4f3933d450,19 25
1450,17327_1717_C11_16_cr57f4f39cb500f,19 25
1451,17327_1634_F3_1,19 25
1452,17327_1634_F3_2,19 25
1453,51192_1061_E1_3,12 25 21
1454,51192_1061_E1_5,12 25 21
1455,51192_1356_B3_1,12 25 21
1456,51192_1356_B3_2,12 25 21
1457,51192_713_E12_1,12 25 21
1458,51192_713_E12_2,12 25 21
1459,51192_704_F10_1,12 25 21
1460,51192_704_F10_2,12 25 21
1461,28180_511_C9_1,7
1462,28180_511_C9_2,7
1463,28180_497_C9_1,7
1464,28180_497_C9_2,7
1465,28180_507_C9_1,7
1466,28180_507_C9_2,7
1467,28182_279_B12_1,7
1468,28182_279_B12_2,7
1469,28182_280_B12_2,7
1470,28182_280_B12_1,7
1471,28182_278_B12_3,7
1472,28182_278_B12_4,7
1473,20718_621_G7_3,25 0 21
1474,20718_621_G7_6,25 0 21
1475,20718_615_G7_1,25 0 21
1476,20718_615_G7_2,25 0 21
1477,20718_612_G7_1,25 0 21
1478,20718_612_G7_2,25 0 21
1479,28463_256_B5_1,0
1480,28463_256_B5_2,0
1481,28463_257_B5_1,0
1482,28463_257_B5_2,0
1483,28463_255_B5_1,0
1484,28463_255_B5_2,0
1485,20559_234_E7_1,25
1486,20559_234_E7_2,25
1487,20559_235_E7_3,25
1488,20559_235_E7_4,25
1489,20559_535_E7_1,25
1490,20559_535_E7_2,25
1491,20559_si29_H4_1,25
1492,20559_si29_H4_3,25
1493,20559_si29_H4_5,25
1494,20559_si29_H4_18,25
1495,20559_si29_H6_1,25
1496,20559_si29_H6_2,25
1497,20559_si29_H6_8,25
1498,20559_si29_H6_9,25
1499,26297_671_D7_1,25
1500,26297_671_D7_3,25
1501,26297_669_D7_1,25
1502,26297_669_D7_2,25
1503,26297_666_D7_2,25
1504,26297_666_D7_4,25
1505,17925_175_F8_1,0
1506,17925_175_F8_2,0
1507,17925_176_F8_1,0
1508,17925_176_F8_2,0
1509,17925_174_F8_1,0
1510,17925_174_F8_2,0
1511,29266_296_C7_2,25 6
1512,29266_296_C7_1,25 6
1513,29266_297_C7_1,25 6
1514,29266_297_C7_2,25 6
1515,29266_295_C7_2,25 6
1516,29266_295_C7_1,25 6
1517,29266_si37_A1_1,25 6
1518,29266_si37_A1_2,25 6
1519,29266_si37_A1_10,25 6
1520,29266_si37_A1_11,25 6
1521,29266_si37_A3_1,25 6
1522,29266_si37_A3_3,25 6
1523,29266_si37_A3_11,25 6
1524,29266_si37_A3_12,25 6
1525,6219_1401_A7_2,19 0
1526,6219_1401_A7_4,19 0
1527,6219_1509_A11_5,19 0
1528,6219_1509_A11_7,19 0
1529,6219_1772_G2_5,19 0
1530,6219_1772_G2_6,19 0
1531,12710_136_F2_1,7
1532,12710_136_F2_2,7
1533,12710_99_F2_1,7
1534,12710_99_F2_2,7
1535,12710_97_F2_1,7
1536,12710_97_F2_2,7
1537,45877_1396_D11_2,0
1538,45877_1396_D11_3,0
1539,45877_1001_G12_1,0
1540,45877_1001_G12_2,0
1541,45877_992_G12_1,0
1542,45877_992_G12_2,0
1543,61638_1168_F9_1,0
1544,61638_1168_F9_2,0
1545,61638_1257_F9_2,0
1546,61638_1257_F9_3,0
1547,61638_1242_H11_1,0
1548,61638_1242_H11_2,0
1549,18032_1331_E3_1,0
1550,18032_1331_E3_2,0
1551,18032_1511_H5_3,0
1552,18032_1511_H5_7,0
1553,18032_1345_E3_1,0
1554,18032_1345_E3_2,0
1555,69047_1482_E10_1,0
1556,69047_1482_E10_2,0
1557,69047_1402_B12_2,0
1558,69047_1402_B12_3,0
1559,69047_1397_B12_2,0
1560,69047_1397_B12_4,0
1561,69066_1482_G10_1,0
1562,69066_1482_G10_2,0
1563,69066_1402_C12_3,0
1564,69066_1402_C12_4,0
1565,69066_1397_C12_3,0
1566,69066_1397_C12_4,0
1567,36306_434_F9_1,25 0
1568,36306_434_F9_2,25 0
1569,36306_453_F9_1,25 0
1570,36306_453_F9_2,25 0
1571,36306_450_F9_1,25 0
1572,36306_450_F9_2,25 0
1573,49933_1245_C2_1,0
1574,49933_1245_C2_2,0
1575,49933_1241_C2_1,0
1576,49933_1241_C2_7,0
1577,7301_21_A4_1,25 3
1578,7301_21_A4_2,25 3
1579,7301_20_A4_1,25 3
1580,7301_20_A4_2,25 3
1581,7301_22_A4_1,25 3
1582,7301_22_A4_2,25 3
1583,60498_1127_H9_2,25
1584,60498_1127_H9_3,25
1585,60498_1492_F4_1,25
1586,60498_1492_F4_2,25
1587,60498_1104_H9_1,25
1588,60498_1104_H9_2,25
1589,15061_125_E2_1,25 0
1590,15061_125_E2_2,25 0
1591,15061_126_E2_1,25 0
1592,15061_126_E2_2,25 0
1593,15061_165_E2_1,25 0
1594,15061_165_E2_2,25 0
1595,22564_626_G5_1,25 0
1596,22564_626_G5_3,25 0
1597,22564_633_G5_1,25 0
1598,22564_633_G5_2,25 0
1599,28398_291_E10_2,25
1600,28398_291_E10_1,25
1601,28398_254_E10_1,25
1602,28398_254_E10_2,25
1603,28398_546_E10_1,25
1604,28398_546_E10_2,25
1605,28079_279_F11_3,12 0
1606,28079_279_F11_6,12 0
1607,28079_280_F11_1,12 0
1608,28079_280_F11_2,12 0
1609,28079_278_F11_4,12 0
1610,28079_278_F11_5,12 0
1611,13952_160_B7_1,25
1612,13952_160_B7_2,25
1613,13952_105_B7_1,25
1614,13952_105_B7_2,25
1615,72047_1549_C4_2,2
1616,72047_1549_C4_5,2
1617,72047_1576_F2_3,2
1618,72047_1576_F2_6,2
1619,72047_1515_C4_3,2
1620,72047_1515_C4_6,2
1621,6077_19_D8_1,25
1622,6077_19_D8_2,25
1623,6077_17_D8_1,25
1624,6077_17_D8_2,25
1625,6077_18_D8_1,25
1626,6077_18_D8_2,25
1627,27995_259_B11_1,25
1628,27995_259_B11_2,25
1629,27995_260_B11_1,25
1630,27995_260_B11_2,25
1631,27995_258_B11_1,25
1632,27995_258_B11_2,25
1633,54282_877_F7_3,25
1634,54282_877_F7_6,25
1635,54282_834_F7_1,25
1636,54282_834_F7_2,25
1637,54282_856_G1_3,25
1638,54282_856_G1_6,25
1639,54282_903_F7_1,25
1640,54282_903_F7_3,25
1641,54289_877_F8_1,23
1642,54289_877_F8_2,23
1643,54289_834_F8_1,23
1644,54289_834_F8_2,23
1645,54289_856_B1_2,23
1646,54289_856_B1_3,23
1647,7838_42_C5_1,0
1648,7838_42_C5_2,0
1649,7838_41_C5_1,0
1650,7838_41_C5_2,0
1651,7838_43_C5_1,0
1652,7838_43_C5_2,0
1653,31630_405_C6_1,0
1654,31630_405_C6_2,0
1655,31630_402_C6_1,0
1656,31630_402_C6_2,0
1657,31630_409_C6_1,0
1658,31630_409_C6_2,0
1659,56390_985_C5_1,14
1660,56390_985_C5_2,14
1661,56390_1050_F4_4,14
1662,56390_1050_F4_6,14
1663,56390_982_C5_1,14
1664,56390_982_C5_2,14
1665,54305_885_E10_1,13
1666,54305_885_E10_2,13
1667,54305_869_E10_4,13
1668,54305_869_E10_5,13
1669,54305_849_E10_1,13
1670,54305_849_E10_2,13
1671,12933_1758_F5_1,5 0
1672,12933_1758_F5_2,5 0
1673,12933_1756_F5_3,5 0
1674,12933_1756_F5_5,5 0
1675,5800_8_F4_1,4
1676,5800_8_F4_2,4
1677,5800_7_F4_1,4
1678,5800_7_F4_2,4
1679,5800_9_F4_1,4
1680,5800_9_F4_2,4
1681,5800_344_G2_1,4
1682,5800_344_G2_4,4
1683,54768_863_D10_1,6
1684,54768_863_D10_2,6
1685,54768_872_A2_1,6
1686,54768_872_A2_2,6
1687,54768_906_A11_1,6
1688,54768_906_A11_2,6
1689,58559_1011_D3_4,6 0
1690,58559_1011_D3_8,6 0
1691,58559_1259_D5_1,6 0
1692,58559_1259_D5_2,6 0
1693,58559_1006_D3_1,6 0
1694,58559_1006_D3_3,6 0
1695,64323_1246_B4_1,6 0
1696,64323_1246_B4_2,6 0
1697,64323_1223_D7_1,6 0
1698,64323_1223_D7_2,6 0
1699,64323_1193_D7_1,6 0
1700,64323_1193_D7_2,6 0
1701,10775_1715_A1_3_cr57fd0422d62d2,21
1702,10775_1715_A1_17_cr57fd042b67c46,21
1703,10775_1671_G1_1,21
1704,10775_1671_G1_2,21
1705,10775_49_F11_1,21
1706,10775_49_F11_2,21
1707,28722_256_F12_5,25 4
1708,28722_256_F12_3,25 4
1709,28722_257_F12_1,25 4
1710,28722_257_F12_2,25 4
1711,28722_255_F12_1,25 4
1712,28722_255_F12_2,25 4
1713,30123_335_A6_2,25 23
1714,30123_335_A6_3,25 23
1715,30123_322_A6_3,25 23
1716,30123_322_A6_6,25 23
1717,30123_327_A6_5,25 23
1718,30123_327_A6_6,25 23
1719,1821_62_B5_1,25
1720,1821_62_B5_2,25
1721,28700_264_C10_1,25
1722,28700_264_C10_2,25
1723,28700_277_C10_1,25
1724,28700_277_C10_2,25
1725,58304_980_D11_1,25
1726,58304_980_D11_2,25
1727,58304_976_D11_1,25
1728,58304_976_D11_2,25
1729,51365_786_B7_1,0
1730,51365_786_B7_2,0
1731,51365_840_B11_1,0
1732,51365_840_B11_2,0
1733,51365_781_B7_1,0
1734,51365_781_B7_2,0
1735,28397_263_A8_3,25 0 21
1736,28397_263_A8_4,25 0 21
1737,28397_264_A8_1,25 0 21
1738,28397_264_A8_2,25 0 21
1739,28397_277_A8_2,25 0 21
1740,28397_277_A8_1,25 0 21
1741,17151_621_C7_2,4
1742,17151_621_C7_5,4
1743,17151_615_C7_1,4
1744,17151_615_C7_2,4
1745,17151_612_C7_1,4
1746,17151_612_C7_2,4
1747,19481_234_C1_1,4
1748,19481_234_C1_2,4
1749,19481_235_C1_1,4
1750,19481_235_C1_2,4
1751,19481_535_C1_1,4
1752,19481_535_C1_2,4
1753,47426_747_C3_3,25 2
1754,47426_747_C3_4,25 2
1755,47426_714_C3_1,25 2
1756,47426_714_C3_2,25 2
1757,47426_713_C3_2,25 2
1758,47426_713_C3_3,25 2
1759,47426_685_C8_1,25 2
1760,47426_685_C8_2,25 2
1761,7845_1529_H3_1,23 0
1762,7845_1529_H3_2,23 0
1763,54285_877_H7_1,0
1764,54285_877_H7_2,0
1765,54285_834_H7_1,0
1766,54285_834_H7_2,0
1767,54285_856_E1_2,0
1768,54285_856_E1_3,0
1769,4135_30_G1_1,25 0
1770,4135_30_G1_2,25 0
1771,4135_29_G1_1,25 0
1772,4135_29_G1_2,25 0
1773,4135_31_G1_1,25 0
1774,4135_31_G1_2,25 0
1775,26035_702_F1_1,0
1776,26035_702_F1_2,0
1777,26035_703_F1_1,0
1778,26035_703_F1_4,0
1779,26035_708_F1_1,0
1780,26035_708_F1_2,0
1781,48728_749_F9_1,0
1782,48728_749_F9_2,0
1783,48728_735_F9_2,0
1784,48728_735_F9_4,0
1785,48728_751_B5_1,0
1786,48728_751_B5_2,0
1787,53422_965_C3_1,0
1788,53422_965_C3_2,0
1789,53422_833_C3_3,0
1790,53422_833_C3_4,0
1791,53422_820_G2_1,0
1792,53422_820_G2_2,0
1793,1866_60_G5_1,0
1794,1866_60_G5_4,0
1795,1866_59_G5_1,0
1796,1866_59_G5_2,0
1797,1866_61_G5_1,0
1798,1866_61_G5_2,0
1799,17106_621_A7_1,0
1800,17106_621_A7_2,0
1801,17106_615_A7_1,0
1802,17106_615_A7_2,0
1803,17106_612_A7_1,0
1804,17106_612_A7_2,0
1805,53250_1134_F7_1,25
1806,53250_1134_F7_2,25
1807,53250_1057_G10_1,25
1808,53250_1057_G10_2,25
1809,50546_733_A8_1,1
1810,50546_733_A8_2,1
1811,50546_721_A8_3,1
1812,50546_721_A8_4,1
1813,50546_727_A8_2,1
1814,50546_727_A8_3,1
1815,50546_si21_D1_1,1
1816,50546_si21_D1_4,1
1817,50546_si21_D3_1,1
1818,50546_si21_D3_4,1
1819,19788_242_D10_1,7 0
1820,19788_242_D10_2,7 0
1821,19788_185_D10_1,7 0
1822,19788_185_D10_2,7 0
1823,19788_183_D10_1,7 0
1824,19788_183_D10_2,7 0
1825,45806_622_D1_5,25
1826,45806_622_D1_6,25
1827,45806_619_D1_1,25
1828,45806_619_D1_2,25
1829,45806_616_D1_1,25
1830,45806_616_D1_2,25
1831,28411_291_D8_2,25
1832,28411_291_D8_1,25
1833,28411_254_D8_1,25
1834,28411_254_D8_2,25
1835,28411_546_D8_1,25
1836,28411_546_D8_3,25
1837,65620_1337_C7_1,5
1838,65620_1337_C7_2,5
1839,65620_1536_B11_2,5
1840,65620_1536_B11_3,5
1841,65620_1338_C7_1,5
1842,65620_1338_C7_2,5
1843,64660_1215_B1_5,4
1844,64660_1215_B1_7,4
1845,64660_1209_B1_1,4
1846,64660_1209_B1_2,4
1847,64660_1238_C8_2,4
1848,64660_1238_C8_3,4
1849,27241_231_D3_1,25 0
1850,27241_231_D3_2,25 0
1851,27241_232_D3_1,25 0
1852,27241_232_D3_2,25 0
1853,27241_230_D3_1,25 0
1854,27241_230_D3_2,25 0
1855,23948_1601_B11_3,0
1856,23948_1601_B11_6,0
1857,23948_1656_B2_1,0
1858,23948_1656_B2_2,0
1859,23948_1732_B11_13_cr58060c21dee4d,0
1860,23948_1732_B11_18_cr58060c2b5aa5e,0
1861,28626_291_C8_1,25 11 0
1862,28626_291_C8_2,25 11 0
1863,28626_254_C8_2,25 11 0
1864,28626_254_C8_1,25 11 0
1865,28626_546_C8_5,25 11 0
1866,28626_546_C8_6,25 11 0
1867,27586_290_H7_2,22 21
1868,27586_290_H7_1,22 21
1869,27586_251_H7_4,22 21
1870,27586_251_H7_3,22 21
1871,27586_249_H7_2,22 21
1872,27586_249_H7_1,22 21
1873,45816_590_G6_1,25 0
1874,45816_590_G6_2,25 0
1875,45816_574_G6_1,25 0
1876,45816_574_G6_2,25 0
1877,45816_580_G6_1,25 0
1878,45816_580_G6_2,25 0
1879,18142_150_H8_1,25 0
1880,18142_150_H8_2,25 0
1881,18142_151_H8_1,25 0
1882,18142_151_H8_2,25 0
1883,18142_149_H8_1,25 0
1884,18142_149_H8_2,25 0
1885,58484_975_D5_1,25 0
1886,58484_975_D5_2,25 0
1887,58484_980_D5_2,25 0
1888,58484_980_D5_4,25 0
1889,58484_976_D5_1,25 0
1890,58484_976_D5_2,25 0
1891,6279_42_G4_1,25 21
1892,6279_42_G4_2,25 21
1893,6279_41_G4_1,25 21
1894,6279_41_G4_2,25 21
1895,6279_43_G4_1,25 21
1896,6279_43_G4_2,25 21
1897,8455_11_C5_1,23
1898,8455_11_C5_2,23
1899,8455_10_C5_1,23
1900,8455_10_C5_2,23
1901,8455_15_C5_1,23
1902,8455_15_C5_2,23
1903,31125_405_C5_1,23
1904,31125_405_C5_2,23
1905,31125_402_C5_2,23
1906,31125_402_C5_3,23
1907,31125_409_C5_2,23
1908,31125_409_C5_3,23
1909,22071_621_B10_2,7
1910,22071_621_B10_3,7
1911,22071_615_B10_1,7
1912,22071_615_B10_2,7
1913,22071_612_B10_1,7
1914,22071_612_B10_2,7
1915,29366_373_G2_1,25 0 21
1916,29366_373_G2_2,25 0 21
1917,29366_366_G2_1,25 0 21
1918,29366_366_G2_3,25 0 21
1919,29366_370_G2_2,25 0 21
1920,29366_370_G2_3,25 0 21
1921,28358_299_B12_1,0
1922,28358_299_B12_3,0
1923,28358_300_B12_1,0
1924,28358_300_B12_2,0
1925,28358_298_B12_2,0
1926,28358_298_B12_1,0
1927,61086_1246_F4_1,0
1928,61086_1246_F4_3,0
1929,61086_1082_G6_3,0
1930,61086_1082_G6_4,0
1931,61086_1103_G6_3,0
1932,61086_1103_G6_4,0
1933,28698_335_H3_1,25 4
1934,28698_335_H3_2,25 4
1935,28698_1207_C3_1,25 4
1936,28698_1207_C3_2,25 4
1937,28698_322_H3_1,25 4
1938,28698_322_H3_2,25 4
1939,11731_1044_C5_1,2
1940,11731_1044_C5_2,2
1941,11731_90_B6_1,2
1942,11731_90_B6_2,2
1943,11731_88_B6_1,2
1944,11731_88_B6_2,2
1945,27262_219_H5_1,6 1
1946,27262_219_H5_2,6 1
1947,27262_220_H5_1,6 1
1948,27262_220_H5_2,6 1
1949,27262_218_H5_1,6 1
1950,27262_218_H5_2,6 1
1951,51294_824_G12_1,25 14 2
1952,51294_824_G12_3,25 14 2
1953,51294_978_G12_1,25 14 2
1954,51294_978_G12_2,25 14 2
1955,51294_884_G12_3,25 14 2
1956,51294_884_G12_4,25 14 2
1957,51294_704_B12_1,25 14 2
1958,51294_704_B12_2,25 14 2
1959,76150_1785_A5_1,25 3 0 21
1960,76150_1785_A5_3,25 3 0 21
1961,76150_1729_B10_2,25 3 0 21
1962,76150_1729_B10_5,25 3 0 21
1963,76150_1650_B6_33_cr57eb88a19eb0e,25 3 0 21
1964,76150_1650_B6_47_cr57eb88b0cdd90,25 3 0 21
1965,77625_1751_C9_33,25 3 0 21
1966,77625_1751_C9_36,25 3 0 21
1967,77625_1776_C10_1,25 3 0 21
1968,77625_1776_C10_2,25 3 0 21
1969,77625_1741_B1_13_cr5805e363edd62,25 3 0 21
1970,77625_1741_B1_18_cr5805e36d27bab,25 3 0 21
1971,8579_42_D5_1,23
1972,8579_42_D5_2,23
1973,8579_41_D5_1,23
1974,8579_41_D5_2,23
1975,8579_43_D5_1,23
1976,8579_43_D5_2,23
1977,1759_30_F11_1,5
1978,1759_30_F11_2,5
1979,1759_29_F11_1,5
1980,1759_29_F11_2,5
1981,1759_31_F11_1,5
1982,1759_31_F11_2,5
1983,6800_19_A12_1,0
1984,6800_19_A12_2,0
1985,6800_17_A12_1,0
1986,6800_17_A12_2,0
1987,6800_18_A12_1,0
1988,6800_18_A12_2,0
1989,6800_si25_G1_1,0
1990,6800_si25_G1_3,0
1991,6800_si25_G1_5,0
1992,6800_si25_G1_15,0
1993,6800_si25_G3_1,0
1994,6800_si25_G3_2,0
1995,6800_si25_G3_17,0
1996,6800_si25_G3_18,0
1997,8781_19_E12_1,0
1998,8781_19_E12_2,0
1999,8781_17_E12_1,0
2000,8781_17_E12_2,0
2001,8781_18_E12_1,0
2002,8781_18_E12_2,0
2003,30136_1482_G7_2,0
2004,30136_1482_G7_3,0
2005,30136_1362_D6_1,0
2006,30136_1362_D6_2,0
2007,30136_1354_D6_2,0
2008,30136_1354_D6_5,0
2009,28346_1470_E7_2,2 0
2010,28346_1470_E7_6,2 0
2011,28346_1790_H6_1,2 0
2012,28346_1790_H6_2,2 0
2013,28346_1468_E7_3,2 0
2014,28346_1468_E7_5,2 0
2015,28558_290_C11_2,25 0 21
2016,28558_290_C11_1,25 0 21
2017,28558_251_C11_1,25 0 21
2018,28558_251_C11_2,25 0 21
2019,28558_249_C11_3,25 0 21
2020,28558_249_C11_4,25 0 21
2021,28471_291_H4_1,25 0
2022,28471_291_H4_2,25 0
2023,28471_254_H4_1,25 0
2024,28471_254_H4_2,25 0
2025,28471_546_H4_1,25 0
2026,28471_546_H4_2,25 0
2027,58483_1070_D8_1,25 0
2028,58483_1070_D8_2,25 0
2029,58483_1178_F9_6,25 0
2030,58483_1178_F9_8,25 0
2031,32023_816_H3_1,25
2032,32023_816_H3_2,25
2033,32023_777_H3_1,25
2034,32023_777_H3_2,25
2035,32023_790_H3_1,25
2036,32023_790_H3_2,25
2037,32023_690_H8_1,25
2038,32023_690_H8_2,25
2039,32031_814_F5_1,25
2040,32031_814_F5_5,25
2041,32031_759_F5_1,25
2042,32031_759_F5_2,25
2043,32031_755_F5_1,25
2044,32031_755_F5_2,25
2045,32031_680_B9_1,25
2046,32031_680_B9_2,25
2047,75041_1534_A3_1,25 0
2048,75041_1534_A3_4,25 0
2049,75041_1486_C4_1,25 0
2050,75041_1486_C4_2,25 0
2051,28220_282_G5_2,25 5
2052,28220_282_G5_1,25 5
2053,28220_283_G5_2,25 5
2054,28220_283_G5_1,25 5
2055,28220_281_G5_1,25 5
2056,28220_281_G5_2,25 5
2057,72611_1416_A3_1,5
2058,72611_1416_A3_2,5
2059,72611_1696_F3_1,5
2060,72611_1696_F3_2,5
2061,72611_1378_F3_4,5
2062,72611_1378_F3_5,5
2063,45820_1040_F4_1,25
2064,45820_1040_F4_2,25
2065,45820_1162_H2_4,25
2066,45820_1162_H2_5,25
2067,45820_1038_F4_1,25
2068,45820_1038_F4_2,25
2069,54334_877_F5_1,0
2070,54334_877_F5_2,0
2071,54334_834_F5_1,0
2072,54334_834_F5_2,0
2073,54334_856_D3_1,0
2074,54334_856_D3_2,0
2075,54334_903_D5_1,0
2076,54334_903_D5_2,0
2077,29023_274_B9_3,25 11 23
2078,29023_274_B9_1,25 11 23
2079,29023_275_B9_1,25 11 23
2080,29023_275_B9_2,25 11 23
2081,29023_273_B9_1,25 11 23
2082,29023_273_B9_2,25 11 23
2083,16758_279_A4_2,25 7 0
2084,16758_279_A4_1,25 7 0
2085,16758_280_A4_2,25 7 0
2086,16758_280_A4_1,25 7 0
2087,16758_278_A4_1,25 7 0
2088,16758_278_A4_2,25 7 0
2089,59673_1301_F11_2,25 23
2090,59673_1301_F11_3,25 23
2091,59673_1171_A12_1,25 23
2092,59673_1171_A12_3,25 23
2093,59673_994_F11_1,25 23
2094,59673_994_F11_2,25 23
2095,21603_190_E4_1,22 25
2096,21603_190_E4_2,22 25
2097,21603_191_E4_1,22 25
2098,21603_191_E4_2,22 25
2099,21603_189_E4_1,22 25
2100,21603_189_E4_2,22 25
2101,50429_816_H1_1,22 25
2102,50429_816_H1_2,22 25
2103,50429_777_H1_1,22 25
2104,50429_777_H1_2,22 25
2105,50429_790_H1_5,22 25
2106,50429_790_H1_6,22 25
2107,6514_19_H8_1,12
2108,6514_19_H8_2,12
2109,6514_17_H8_1,12
2110,6514_17_H8_2,12
2111,6514_18_H8_1,12
2112,6514_18_H8_2,12
2113,3996_36_C6_1,25 21
2114,3996_36_C6_2,25 21
2115,3996_35_C6_1,25 21
2116,3996_35_C6_2,25 21
2117,3996_37_C6_1,25 21
2118,3996_37_C6_2,25 21
2119,24372_1573_E7_2,11
2120,24372_1573_E7_3,11
2121,24372_1790_B4_2,11
2122,24372_1790_B4_6,11
2123,47195_1483_E8_1,5
2124,47195_1483_E8_6,5
2125,47195_1492_B4_2,5
2126,47195_1492_B4_4,5
2127,47195_1457_E8_1,5
2128,47195_1457_E8_2,5
2129,46974_589_D5_1,7 2
2130,46974_589_D5_2,7 2
2131,46974_573_D5_3,7 2
2132,46974_573_D5_4,7 2
2133,46974_709_D5_1,7 2
2134,46974_709_D5_2,7 2
2135,6935_1573_E10_2,6
2136,6935_1573_E10_4,6
2137,6935_1081_G5_1,6
2138,6935_1081_G5_2,6
2139,6935_41_A5_1,6
2140,6935_41_A5_2,6
2141,67508_1315_A7_3,6
2142,67508_1315_A7_9,6
2143,67508_1356_D7_1,6
2144,67508_1356_D7_3,6
2145,67508_1287_A7_1,6
2146,67508_1287_A7_3,6
2147,35068_374_E1_1,25 4
2148,35068_374_E1_2,25 4
2149,35068_371_E1_1,25 4
2150,35068_371_E1_2,25 4
2151,35068_372_E1_1,25 4
2152,35068_372_E1_2,25 4
2153,16506_131_A3_1,25
2154,16506_131_A3_2,25
2155,16506_132_A3_1,25
2156,16506_132_A3_2,25
2157,16506_164_A3_1,25
2158,16506_164_A3_2,25
2159,75289_1589_H2_1,23
2160,75289_1589_H2_2,23
2161,75289_1561_D1_3,23
2162,75289_1561_D1_4,23
2163,75289_1562_D1_2,23
2164,75289_1562_D1_3,23
2165,38122_455_B12_2,23 1 0
2166,38122_455_B12_4,23 1 0
2167,38122_452_B12_1,23 1 0
2168,38122_452_B12_2,23 1 0
2169,38122_449_B12_1,23 1 0
2170,38122_449_B12_2,23 1 0
2171,57127_1021_E1_1,0
2172,57127_1021_E1_3,0
2173,57127_1165_C7_1,0
2174,57127_1165_C7_2,0
2175,57127_1019_E1_1,0
2176,57127_1019_E1_2,0
2177,17015_134_C8_1,0
2178,17015_134_C8_2,0
2179,17015_135_C8_1,0
2180,17015_135_C8_2,0
2181,17015_133_C8_1,0
2182,17015_133_C8_2,0
2183,17015_si30_G1_1,0
2184,17015_si30_G1_2,0
2185,17015_si30_G1_5,0
2186,17015_si30_G1_10,0
2187,17015_si30_G3_1,0
2188,17015_si30_G3_2,0
2189,17015_si30_G3_14,0
2190,17015_si30_G3_17,0
2191,7484_69_H5_1,2
2192,7484_69_H5_2,2
2193,7484_91_H5_1,2
2194,7484_91_H5_2,2
2195,7484_68_H5_1,2
2196,7484_68_H5_2,2
2197,74391_1503_C3_1,2
2198,74391_1503_C3_2,2
2199,74391_1434_C3_1,2
2200,74391_1434_C3_2,2
2201,74391_1436_C3_2,2
2202,74391_1436_C3_3,2
2203,6653_113_A2_1,6 7
2204,6653_113_A2_2,6 7
2205,6653_1399_A9_1,6 7
2206,6653_1399_A9_3,6 7
2207,28452_335_A3_1,25 2
2208,28452_335_A3_2,25 2
2209,28452_322_A3_1,25 2
2210,28452_322_A3_3,25 2
2211,28452_327_A3_1,25 2
2212,28452_327_A3_2,25 2
2213,29920_405_A2_1,25 2
2214,29920_405_A2_2,25 2
2215,29920_402_A2_3,25 2
2216,29920_402_A2_4,25 2
2217,11222_108_B7_1,7
2218,11222_108_B7_2,7
2219,11222_87_B7_1,7
2220,11222_87_B7_2,7
2221,11222_85_B7_1,7
2222,11222_85_B7_2,7
2223,51558_799_G4_1,0
2224,51558_799_G4_2,0
2225,51558_795_G4_1,0
2226,51558_795_G4_2,0
2227,51558_792_G4_1,0
2228,51558_792_G4_2,0
2229,51558_902_E6_1,0
2230,51558_902_E6_2,0
2231,53366_838_B10_1,18 0 21
2232,53366_838_B10_2,18 0 21
2233,53366_806_C2_1,18 0 21
2234,53366_806_C2_3,18 0 21
2235,53366_810_C2_1,18 0 21
2236,53366_810_C2_2,18 0 21
2237,53366_905_E11_2,18 0 21
2238,53366_905_E11_3,18 0 21
2239,55725_893_F8_4,18 0 21
2240,55725_893_F8_5,18 0 21
2241,55725_1036_F1_1,18 0 21
2242,55725_1036_F1_3,18 0 21
2243,55725_895_F8_1,18 0 21
2244,55725_895_F8_2,18 0 21
2245,55725_926_C11_1,18 0 21
2246,55725_926_C11_2,18 0 21
2247,7636_45_H4_1,25 21
2248,7636_45_H4_2,25 21
2249,7636_44_H4_1,25 21
2250,7636_44_H4_2,25 21
2251,7636_46_H4_1,25 21
2252,7636_46_H4_2,25 21
2253,42151_460_C3_1,19 25 21
2254,42151_460_C3_2,19 25 21
2255,42151_1773_H5_2,19 25 21
2256,42151_1773_H5_4,19 25 21
2257,42151_467_C3_1,19 25 21
2258,42151_467_C3_2,19 25 21
2259,45597_1734_D11_2,19 25 21
2260,45597_1734_D11_4,19 25 21
2261,45597_1003_F7_1,19 25 21
2262,45597_1003_F7_2,19 25 21
2263,45597_1000_F7_1,19 25 21
2264,45597_1000_F7_2,19 25 21
2265,16754_131_E6_1,25
2266,16754_131_E6_2,25
2267,16754_132_E6_1,25
2268,16754_132_E6_2,25
2269,16754_164_E6_1,25
2270,16754_164_E6_2,25
2271,28167_282_C8_2,25
2272,28167_282_C8_1,25
2273,28167_283_C8_1,25
2274,28167_283_C8_2,25
2275,28167_281_C8_1,25
2276,28167_281_C8_2,25
2277,28219_1281_D12_1,2
2278,28219_1281_D12_3,2
2279,28219_1176_B1_2,2
2280,28219_1176_B1_3,2
2281,28219_1313_D12_3,2
2282,28219_1313_D12_5,2
2283,28224_1035_D12_1,2
2284,28224_1035_D12_2,2
2285,28224_962_F12_1,2
2286,28224_962_F12_2,2
2287,28467_291_D7_2,25 7 4 21
2288,28467_291_D7_1,25 7 4 21
2289,28467_254_D7_2,25 7 4 21
2290,28467_254_D7_1,25 7 4 21
2291,28467_546_D7_1,25 7 4 21
2292,28467_546_D7_2,25 7 4 21
2293,31255_405_C4_1,25 7 4 21
2294,31255_405_C4_2,25 7 4 21
2295,31255_402_C4_2,25 7 4 21
2296,31255_402_C4_3,25 7 4 21
2297,31255_409_C4_1,25 7 4 21
2298,31255_409_C4_3,25 7 4 21
2299,76422_1743_B2_3_cr57fe1ccc74cc4,23
2300,76422_1743_B2_23_cr57fe1ce1a38e3,23
2301,76422_1694_G2_3_cr57ceae0c7ad08,23
2302,76422_1694_G2_28_cr57ceae1915249,23
2303,3289_80_A8_1,13
2304,3289_80_A8_2,13
2305,3289_1772_B8_1,13
2306,3289_1772_B8_4,13
2307,3289_79_A8_1,13
2308,3289_79_A8_2,13
2309,7742_638_H8_1,25 21
2310,7742_638_H8_2,25 21
2311,7742_637_H8_3,25 21
2312,7742_637_H8_5,25 21
2313,7742_636_H8_1,25 21
2314,7742_636_H8_2,25 21
2315,28118_1043_C1_1,25 0
2316,28118_1043_C1_2,25 0
2317,28118_1021_F10_1,25 0
2318,28118_1021_F10_2,25 0
2319,28118_1019_F10_1,25 0
2320,28118_1019_F10_2,25 0
2321,71252_1385_D12_2,11
2322,71252_1385_D12_3,11
2323,71252_1723_H8_3_cr57eaaf913171d,11
2324,71252_1723_H8_23_cr57eaaf9933ce8,11
2325,46175_608_E12_1,25 4 21
2326,46175_608_E12_2,25 4 21
2327,46175_606_E12_1,25 4 21
2328,46175_606_E12_2,25 4 21
2329,46175_605_E12_1,25 4 21
2330,46175_605_E12_2,25 4 21
2331,56873_919_B10_1,23
2332,56873_919_B10_2,23
2333,56873_914_B10_1,23
2334,56873_914_B10_2,23
2335,56873_913_B10_2,23
2336,56873_913_B10_4,23
2337,62236_1127_A5_1,1
2338,62236_1127_A5_2,1
2339,62236_1171_H7_2,1
2340,62236_1171_H7_3,1
2341,62236_1104_A5_2,1
2342,62236_1104_A5_3,1
2343,62236_si26_C7_1,1
2344,62236_si26_C7_4,1
2345,62236_si26_C7_5,1
2346,62236_si26_C7_15,1
2347,62236_si26_C9_1,1
2348,62236_si26_C9_2,1
2349,62236_si26_C9_11,1
2350,62236_si26_C9_12,1
2351,51790_769_H1_1,0
2352,51790_769_H1_2,0
2353,51790_761_H1_1,0
2354,51790_761_H1_2,0
2355,51790_757_H1_2,0
2356,51790_757_H1_3,0
2357,54843_893_A4_1,0
2358,54843_893_A4_2,0
2359,54843_1137_F3_1,0
2360,54843_1137_F3_4,0
2361,54843_895_A4_1,0
2362,54843_895_A4_4,0
2363,28152_285_C11_1,22 18
2364,28152_285_C11_2,22 18
2365,28152_1596_A10_1,22 18
2366,28152_1596_A10_3,22 18
2367,54311_877_B5_8,22 18
2368,54311_877_B5_9,22 18
2369,54311_867_H6_1,22 18
2370,54311_867_H6_2,22 18
2371,54311_903_F4_1,22 18
2372,54311_903_F4_2,22 18
2373,34652_570_E10_1,25 6
2374,34652_570_E10_2,25 6
2375,34652_565_E10_1,25 6
2376,34652_565_E10_2,25 6
2377,34652_584_E10_1,25 6
2378,34652_584_E10_2,25 6
2379,34734_590_B11_1,23
2380,34734_590_B11_3,23
2381,34734_574_B11_1,23
2382,34734_574_B11_2,23
2383,34734_580_B11_1,23
2384,34734_580_B11_2,23
2385,46084_622_F3_7,25 23
2386,46084_622_F3_8,25 23
2387,46084_619_F3_2,25 23
2388,46084_619_F3_3,25 23
2389,46084_616_F3_1,25 23
2390,46084_616_F3_2,25 23
2391,35473_593_H8_1,0
2392,35473_593_H8_2,0
2393,35473_1145_D4_2,0
2394,35473_1145_D4_3,0
2395,35473_596_H8_1,0
2396,35473_596_H8_2,0
2397,36688_423_E10_1,25 11 14
2398,36688_423_E10_2,25 11 14
2399,36688_422_E10_1,25 11 14
2400,36688_422_E10_2,25 11 14
2401,36688_426_E10_2,25 11 14
2402,36688_426_E10_3,25 11 14
2403,49235_764_E10_1,25
2404,49235_764_E10_2,25
2405,49235_716_E10_1,25
2406,49235_716_E10_2,25
2407,49235_719_E10_1,25
2408,49235_719_E10_2,25
2409,49235_682_B3_1,25
2410,49235_682_B3_2,25
2411,54087_867_A9_3,25 6 2
2412,54087_867_A9_4,25 6 2
2413,54087_861_A1_1,25 6 2
2414,54087_861_A1_2,25 6 2
2415,54087_880_A1_1,25 6 2
2416,54087_880_A1_2,25 6 2
2417,44144_527_C3_1,22
2418,44144_527_C3_2,22
2419,44144_1240_H5_6,22
2420,44144_1240_H5_7,22
2421,44144_529_C3_1,22
2422,44144_529_C3_2,22
2423,55894_893_G9_3,7 0
2424,55894_893_G9_4,7 0
2425,55894_1144_C11_1,7 0
2426,55894_1144_C11_2,7 0
2427,55894_895_G9_1,7 0
2428,55894_895_G9_2,7 0
2429,67981_1558_F6_1,7 0
2430,67981_1558_F6_2,7 0
2431,67981_1250_G2_1,7 0
2432,67981_1250_G2_2,7 0
2433,70582_1558_E6_1,7 0
2434,70582_1558_E6_2,7 0
2435,70582_1548_A12_1,7 0
2436,70582_1548_A12_3,7 0
2437,34646_379_F7_1,0
2438,34646_379_F7_2,0
2439,34646_377_F7_1,0
2440,34646_377_F7_2,0
2441,34646_390_F7_1,0
2442,34646_390_F7_2,0
2443,58040_1029_B2_3,0
2444,58040_1029_B2_4,0
2445,58040_995_B2_3,0
2446,58040_995_B2_4,0
2447,58040_1009_B2_2,0
2448,58040_1009_B2_3,0
2449,35048_378_B9_1,25 0
2450,35048_378_B9_2,25 0
2451,35048_376_B9_3,25 0
2452,35048_376_B9_4,25 0
2453,35048_383_B9_2,25 0
2454,35048_383_B9_3,25 0
2455,67814_1255_G1_2,0
2456,67814_1255_G1_3,0
2457,67814_1536_B12_1,0
2458,67814_1536_B12_2,0
2459,67814_1250_G1_1,0
2460,67814_1250_G1_2,0
2461,56000_918_H5_1,0
2462,56000_918_H5_4,0
2463,56000_881_E11_1,0
2464,56000_881_E11_2,0
2465,56000_874_E11_1,0
2466,56000_874_E11_2,0
2467,56000_928_F6_1,0
2468,56000_928_F6_2,0
2469,58641_1061_D7_1,0
2470,58641_1061_D7_2,0
2471,58641_1014_G1_1,0
2472,58641_1014_G1_2,0
2473,58641_1010_G1_1,0
2474,58641_1010_G1_2,0
2475,17882_198_G4_1,25 0
2476,17882_198_G4_2,25 0
2477,17882_154_G4_1,25 0
2478,17882_154_G4_2,25 0
2479,17882_152_G4_1,25 0
2480,17882_152_G4_2,25 0
2481,28974_334_E9_1,5 0
2482,28974_334_E9_2,5 0
2483,28974_332_E9_1,5 0
2484,28974_332_E9_2,5 0
2485,28974_329_E9_1,5 0
2486,28974_329_E9_2,5 0
2487,29321_319_F1_1,0
2488,29321_319_F1_2,0
2489,29321_320_F1_1,0
2490,29321_320_F1_2,0
2491,29321_340_F1_1,0
2492,29321_340_F1_2,0
2493,55765_878_A3_1,23
2494,55765_878_A3_2,23
2495,55765_873_A3_2,23
2496,55765_873_A3_4,23
2497,35712_393_A8_1,25
2498,35712_393_A8_2,25
2499,35712_392_A8_1,25
2500,35712_392_A8_2,25
2501,35712_396_A8_1,25
2502,35712_396_A8_2,25
2503,74519_1526_F8_2,6
2504,74519_1526_F8_3,6
2505,74519_1528_H4_1,6
2506,74519_1528_H4_2,6
2507,34546_1125_H6_1,25 5 0
2508,34546_1125_H6_2,25 5 0
2509,34546_1391_A6_1,25 5 0
2510,34546_1391_A6_3,25 5 0
2511,34546_1056_F4_1,25 5 0
2512,34546_1056_F4_2,25 5 0
2513,56866_985_H7_2,23 0
2514,56866_985_H7_4,23 0
2515,56866_982_H7_1,23 0
2516,56866_982_H7_2,23 0
2517,56866_941_B9_1,23 0
2518,56866_941_B9_2,23 0
2519,16631_131_C7_1,25 0
2520,16631_131_C7_2,25 0
2521,16631_132_C7_1,25 0
2522,16631_132_C7_2,25 0
2523,16631_164_C7_1,25 0
2524,16631_164_C7_2,25 0
2525,39158_488_B12_1,25 21
2526,39158_488_B12_2,25 21
2527,39158_1145_A11_1,25 21
2528,39158_1145_A11_5,25 21
2529,39158_494_B12_1,25 21
2530,39158_494_B12_2,25 21
2531,21052_1717_C4_17_cr57f506732eae4,16 3
2532,21052_1717_C4_23_cr57f5067cc8f1d,16 3
2533,21052_1585_G5_4,16 3
2534,21052_1585_G5_5,16 3
2535,21052_1616_G5_2,16 3
2536,21052_1616_G5_3,16 3
2537,14459_1442_D1_1,3
2538,14459_1442_D1_3,3
2539,14459_1669_D2_1,3
2540,14459_1669_D2_2,3
2541,14459_120_G4_1,3
2542,14459_120_G4_2,3
2543,36689_1519_C4_1,3
2544,36689_1519_C4_2,3
2545,36689_1469_D1_1,3
2546,36689_1469_D1_4,3
2547,36689_1478_D1_2,3
2548,36689_1478_D1_3,3
2549,34992_373_D10_1,22 21
2550,34992_373_D10_2,22 21
2551,34992_366_D10_1,22 21
2552,34992_366_D10_2,22 21
2553,34992_370_D10_1,22 21
2554,34992_370_D10_2,22 21
2555,34803_574_G11_1,5 0
2556,34803_574_G11_2,5 0
2557,34803_580_G11_1,5 0
2558,34803_580_G11_2,5 0
2559,53379_826_C3_1,25 0
2560,53379_826_C3_2,25 0
2561,53379_809_C3_1,25 0
2562,53379_809_C3_2,25 0
2563,53379_819_C3_1,25 0
2564,53379_819_C3_2,25 0
2565,36325_434_C10_1,6
2566,36325_434_C10_3,6
2567,36325_453_C10_1,6
2568,36325_453_C10_2,6
2569,36325_450_C10_2,6
2570,36325_450_C10_3,6
2571,56745_1524_F9_2,25 0
2572,56745_1524_F9_4,25 0
2573,56745_1433_A2_1,25 0
2574,56745_1433_A2_2,25 0
2575,56745_1435_A2_1,25 0
2576,56745_1435_A2_2,25 0
2577,34694_1281_C7_4,4 0
2578,34694_1281_C7_5,4 0
2579,34694_1327_E3_1,4 0
2580,34694_1327_E3_2,4 0
2581,34694_1313_C7_3,4 0
2582,34694_1313_C7_5,4 0
2583,57234_1005_G9_1,25
2584,57234_1005_G9_2,25
2585,57234_1015_G9_1,25
2586,57234_1015_G9_2,25
2587,66647_1255_G9_1,22 21
2588,66647_1255_G9_2,22 21
2589,66647_1294_D12_1,22 21
2590,66647_1294_D12_2,22 21
2591,66647_1772_C9_3,22 21
2592,66647_1772_C9_4,22 21
2593,70648_1410_F8_2,22 21
2594,70648_1410_F8_4,22 21
2595,70648_1772_F8_2,22 21
2596,70648_1772_F8_3,22 21
2597,78664_1750_C7_8_cr57fb835d08b16,5 0 21
2598,78664_1750_C7_18_cr57fb8365be763,5 0 21
2599,78664_1763_F6_3,5 0 21
2600,78664_1763_F6_4,5 0 21
2601,78664_1737_E2_7_cr5806397831190,5 0 21
2602,78664_1737_E2_13_cr580639817c099,5 0 21
2603,34690_440_H3_3,25
2604,34690_440_H3_4,25
2605,34690_433_H3_1,25
2606,34690_433_H3_2,25
2607,34690_428_H3_1,25
2608,34690_428_H3_2,25
2609,14205_160_H11_1,6 0
2610,14205_160_H11_2,6 0
2611,14205_107_H11_1,6 0
2612,14205_107_H11_2,6 0
2613,14205_105_H11_1,6 0
2614,14205_105_H11_2,6 0
2615,46086_1475_F12_2,3
2616,46086_1475_F12_3,3
2617,46086_1433_D1_1,3
2618,46086_1433_D1_2,3
2619,46086_1435_D1_1,3
2620,46086_1435_D1_2,3
2621,15587_1126_H9_2,16 14
2622,15587_1126_H9_3,16 14
2623,15587_126_A10_1,16 14
2624,15587_126_A10_2,16 14
2625,15587_165_A10_1,16 14
2626,15587_165_A10_2,16 14
2627,5565_80_B10_1,25 0
2628,5565_80_B10_2,25 0
2629,5565_81_B10_1,25 0
2630,5565_81_B10_2,25 0
2631,5565_79_B10_1,25 0
2632,5565_79_B10_2,25 0
2633,35666_1475_H3_3,22
2634,35666_1475_H3_5,22
2635,35666_1479_A8_1,22
2636,35666_1479_A8_3,22
2637,35390_434_G7_1,2
2638,35390_434_G7_3,2
2639,35390_453_G7_1,2
2640,35390_453_G7_2,2
2641,35390_450_G7_1,2
2642,35390_450_G7_3,2
2643,13434_103_B10_1,23
2644,13434_103_B10_2,23
2645,13434_104_B10_1,23
2646,13434_104_B10_2,23
2647,13434_102_B10_1,23
2648,13434_102_B10_2,23
2649,1523_30_C6_1,23
2650,1523_30_C6_2,23
2651,1523_29_C6_1,23
2652,1523_29_C6_2,23
2653,1523_31_C6_1,23
2654,1523_31_C6_2,23
2655,2775_674_H7_3,23
2656,2775_674_H7_4,23
2657,2775_668_H7_2,23
2658,2775_668_H7_3,23
2659,2775_665_H7_2,23
2660,2775_665_H7_3,23
2661,50025_837_B2_1,23
2662,50025_837_B2_2,23
2663,50025_1028_F11_1,23
2664,50025_1028_F11_2,23
2665,50025_802_F11_8,23
2666,50025_802_F11_9,23
2667,50025_901_G10_1,23
2668,50025_901_G10_2,23
2669,48104_788_H7_1,0
2670,48104_788_H7_2,0
2671,48104_780_H7_1,0
2672,48104_780_H7_2,0
2673,48104_742_H6_2,0
2674,48104_742_H6_4,0
2675,34712_389_G6_1,25
2676,34712_389_G6_3,25
2677,34712_381_G6_1,25
2678,34712_381_G6_2,25
2679,34712_398_G6_1,25
2680,34712_398_G6_2,25
2681,49189_824_A9_2,25 0
2682,49189_824_A9_3,25 0
2683,49189_978_A9_1,25 0
2684,49189_978_A9_2,25 0
2685,49189_884_A9_1,25 0
2686,49189_884_A9_2,25 0
2687,49189_682_G9_1,25 0
2688,49189_682_G9_2,25 0
2689,43102_472_E8_1,25
2690,43102_472_E8_2,25
2691,43102_476_E8_1,25
2692,43102_476_E8_2,25
2693,43102_469_E8_1,25
2694,43102_469_E8_2,25
2695,37542_436_F6_1,25 21
2696,37542_436_F6_2,25 21
2697,37542_442_F6_1,25 21
2698,37542_442_F6_2,25 21
2699,37542_521_F6_1,25 21
2700,37542_521_F6_2,25 21
2701,78239_1702_B9_3_cr57eab4e5669ee,25 2 21
2702,78239_1702_B9_14_cr57eab4f6b385f,25 2 21
2703,78239_1790_F6_3,25 2 21
2704,78239_1790_F6_4,25 2 21
2705,78239_1694_H10_13_cr57d697ff81d25,25 2 21
2706,78239_1694_H10_18_cr57d69805a1779,25 2 21
2707,45531_559_E4_1,11 0
2708,45531_559_E4_2,11 0
2709,45531_550_E4_1,11 0
2710,45531_550_E4_3,11 0
2711,45531_567_E4_1,11 0
2712,45531_567_E4_2,11 0
2713,57125_973_F3_1,6
2714,57125_973_F3_2,6
2715,57125_963_C7_1,6
2716,57125_963_C7_2,6
2717,57125_968_C7_3,6
2718,57125_968_C7_4,6
2719,32003_1047_F7_1,21
2720,32003_1047_F7_3,21
2721,32003_1048_F7_1,21
2722,32003_1048_F7_2,21
2723,61763_1135_E5_1,25 5 2
2724,61763_1135_E5_2,25 5 2
2725,61763_1176_F5_1,25 5 2
2726,61763_1176_F5_2,25 5 2
2727,61763_1101_E5_1,25 5 2
2728,61763_1101_E5_2,25 5 2
2729,26620_290_F4_1,25 5
2730,26620_290_F4_2,25 5
2731,26620_251_F4_1,25 5
2732,26620_251_F4_2,25 5
2733,26620_249_F4_4,25 5
2734,26620_249_F4_3,25 5
2735,34676_590_H8_1,0
2736,34676_590_H8_2,0
2737,34676_574_H8_1,0
2738,34676_574_H8_2,0
2739,34676_580_H8_1,0
2740,34676_580_H8_2,0
2741,63742_1139_D10_1,25 5 2
2742,63742_1139_D10_2,25 5 2
2743,63742_1178_A12_2,25 5 2
2744,63742_1178_A12_3,25 5 2
2745,63742_1132_D10_1,25 5 2
2746,63742_1132_D10_2,25 5 2
2747,44861_882_B10_1,25
2748,44861_882_B10_2,25
2749,44861_831_B10_1,25
2750,44861_831_B10_3,25
2751,44861_820_F10_1,25
2752,44861_820_F10_2,25
2753,44861_680_B10_1,25
2754,44861_680_B10_2,25
2755,38225_440_H10_1,3
2756,38225_440_H10_3,3
2757,38225_433_H10_1,3
2758,38225_433_H10_2,3
2759,38225_428_H10_1,3
2760,38225_428_H10_2,3
2761,11844_1291_D8_2,25
2762,11844_1291_D8_3,25
2763,11844_1189_C7_1,25
2764,11844_1189_C7_2,25
2765,62654_1294_C9_1,0
2766,62654_1294_C9_2,0
2767,62654_1148_B9_1,0
2768,62654_1148_B9_3,0
2769,62654_1106_B9_1,0
2770,62654_1106_B9_4,0
2771,35513_393_G9_1,0
2772,35513_393_G9_2,0
2773,35513_392_G9_1,0
2774,35513_392_G9_2,0
2775,35513_396_G9_1,0
2776,35513_396_G9_2,0
2777,35673_407_B10_1,25
2778,35673_407_B10_2,25
2779,35673_410_B10_1,25
2780,35673_410_B10_2,25
2781,35673_404_B10_2,25
2782,35673_404_B10_3,25
2783,59516_1259_B7_2,16 5 0
2784,59516_1259_B7_4,16 5 0
2785,59516_1070_C12_1,16 5 0
2786,59516_1070_C12_3,16 5 0
2787,59516_1076_C12_1,16 5 0
2788,59516_1076_C12_3,16 5 0
2789,60569_1308_C12_1,16 5 0
2790,60569_1308_C12_5,16 5 0
2791,60569_1136_H11_2,16 5 0
2792,60569_1136_H11_3,16 5 0
2793,60569_1100_C12_1,16 5 0
2794,60569_1100_C12_2,16 5 0
2795,35013_378_C5_1,19 25
2796,35013_378_C5_2,19 25
2797,35013_376_C5_1,19 25
2798,35013_376_C5_2,19 25
2799,35013_383_C5_3,19 25
2800,35013_383_C5_4,19 25
2801,39160_560_H6_3,25 21
2802,39160_560_H6_4,25 21
2803,39160_551_H6_1,25 21
2804,39160_551_H6_2,25 21
2805,39160_554_H6_1,25 21
2806,39160_554_H6_2,25 21
2807,3636_78_H2_1,25 7 21
2808,3636_78_H2_2,25 7 21
2809,3636_92_H2_1,25 7 21
2810,3636_92_H2_2,25 7 21
2811,3636_77_H2_1,25 7 21
2812,3636_77_H2_2,25 7 21
2813,73493_1529_C3_1,25 0
2814,73493_1529_C3_2,25 0
2815,73493_1407_A6_1,25 0
2816,73493_1407_A6_2,25 0
2817,45207_562_A6_1,0
2818,45207_562_A6_2,0
2819,45207_575_A6_1,0
2820,45207_575_A6_2,0
2821,45207_568_A6_1,0
2822,45207_568_A6_2,0
2823,58463_975_E1_1,0
2824,58463_975_E1_2,0
2825,58463_980_E1_1,0
2826,58463_980_E1_2,0
2827,58463_976_E1_1,0
2828,58463_976_E1_5,0
2829,30609_1240_G3_4,22 0 21
2830,30609_1240_G3_7,22 0 21
2831,30609_1430_D3_2,22 0 21
2832,30609_1430_D3_3,22 0 21
2833,30609_371_F9_1,22 0 21
2834,30609_371_F9_2,22 0 21
2835,35102_373_C12_1,25 7
2836,35102_373_C12_2,25 7
2837,35102_860_C5_4,25 7
2838,35102_860_C5_5,25 7
2839,35102_370_C12_1,25 7
2840,35102_370_C12_2,25 7
2841,48325_837_G10_1,0
2842,48325_837_G10_2,0
2843,48325_753_G8_1,0
2844,48325_753_G8_2,0
2845,48325_739_G8_1,0
2846,48325_739_G8_2,0
2847,48325_699_B6_1,0
2848,48325_699_B6_2,0
2849,35143_900_C5_1,0 21
2850,35143_900_C5_3,0 21
2851,35143_377_B12_1,0 21
2852,35143_377_B12_2,0 21
2853,35143_390_B12_1,0 21
2854,35143_390_B12_2,0 21
2855,38143_437_A11_1,2
2856,38143_437_A11_3,2
2857,38143_443_A11_1,2
2858,38143_443_A11_2,2
2859,38143_431_A11_1,2
2860,38143_431_A11_2,2
2861,5777_1124_D7_1,25 5
2862,5777_1124_D7_2,25 5
2863,5777_161_B2_1,25 5
2864,41923_553_C7_1,0
